timestamp,elapsed_seconds,hardware_tier,power_draw_w,gpu_power_w,cpu_power_w,temperature_c,cumulative_kwh,estimated_gCO2e,gpu_energy_draw_joules,cpu_energy_draw_joules,gpu_power_source,cpu_power_source,measurement_quality,assigned_gpu_id,amd_device_path,amd_target_device_path,amd_sensor_relation,gpu_measurement_scope,energy_sensor_owner
2026-08-12T13:54:11Z,1.0,NVIDIA,192.61,192.61,0.0,44,5.4e-05,0.0161,192.76,0.0,nvml,unavailable,partial_measured,,,,,accelerator_device,True
2026-08-12T13:54:12Z,2.0,NVIDIA,163.1,163.1,0.0,43,9.9e-05,0.0297,355.91,0.0,nvml,unavailable,partial_measured,,,,,accelerator_device,True
2026-08-12T13:54:13Z,3.0,NVIDIA,197.77,197.77,0.0,46,0.000154,0.0461,553.74,0.0,nvml,unavailable,partial_measured,,,,,accelerator_device,True
2026-08-12T13:54:14Z,4.0,NVIDIA,158.22,158.22,0.0,43,0.000198,0.0593,712.01,0.0,nvml,unavailable,partial_measured,,,,,accelerator_device,True
2026-08-12T13:54:15Z,5.0,NVIDIA,186.3,186.3,0.0,49,0.00025,0.0749,898.36,0.0,nvml,unavailable,partial_measured,,,,,accelerator_device,True
2026-08-12T13:54:16Z,6.0,NVIDIA,150.53,150.53,0.0,43,0.000291,0.0874,1048.93,0.0,nvml,unavailable,partial_measured,,,,,accelerator_device,True
2026-08-12T13:54:17Z,7.0,NVIDIA,170.99,170.99,0.0,43,0.000339,0.1017,1219.96,0.0,nvml,unavailable,partial_measured,,,,,accelerator_device,True
2026-08-12T13:54:18Z,8.0,NVIDIA,197.33,197.33,0.0,44,0.000394,0.1181,1417.33,0.0,nvml,unavailable,partial_measured,,,,,accelerator_device,True
2026-08-12T13:54:19Z,9.0,NVIDIA,167.38,167.38,0.0,44,0.00044,0.1321,1584.74,0.0,nvml,unavailable,partial_measured,,,,,accelerator_device,True
2026-08-12T13:54:20Z,10.0,NVIDIA,212.89,212.89,0.0,46,0.000499,0.1498,1797.69,0.0,nvml,unavailable,partial_measured,,,,,accelerator_device,True
2026-08-12T13:54:21Z,11.0,NVIDIA,169.83,169.83,0.0,44,0.000547,0.164,1967.56,0.0,nvml,unavailable,partial_measured,,,,,accelerator_device,True
2026-08-12T13:54:22Z,12.0,NVIDIA,212.38,212.38,0.0,46,0.000606,0.1817,2180.0,0.0,nvml,unavailable,partial_measured,,,,,accelerator_device,True
2026-08-12T13:54:23Z,13.0,NVIDIA,166.57,166.57,0.0,44,0.000652,0.1956,2346.62,0.0,nvml,unavailable,partial_measured,,,,,accelerator_device,True
2026-08-12T13:54:24Z,14.0,NVIDIA,225.29,225.29,0.0,48,0.000714,0.2143,2571.97,0.0,nvml,unavailable,partial_measured,,,,,accelerator_device,True
2026-08-12T13:54:25Z,15.0,NVIDIA,176.97,176.97,0.0,44,0.000764,0.2291,2749.01,0.0,nvml,unavailable,partial_measured,,,,,accelerator_device,True
2026-08-12T13:54:26Z,16.01,NVIDIA,177.97,177.97,0.0,44,0.000813,0.2439,2927.04,0.0,nvml,unavailable,partial_measured,,,,,accelerator_device,True
2026-08-12T13:54:27Z,17.01,NVIDIA,237.06,237.06,0.0,46,0.000879,0.2637,3164.17,0.0,nvml,unavailable,partial_measured,,,,,accelerator_device,True
2026-08-12T13:54:28Z,18.01,NVIDIA,178.9,178.9,0.0,44,0.000929,0.2786,3343.11,0.0,nvml,unavailable,partial_measured,,,,,accelerator_device,True
2026-08-12T13:54:29Z,19.01,NVIDIA,219.02,219.02,0.0,47,0.000989,0.2968,3562.19,0.0,nvml,unavailable,partial_measured,,,,,accelerator_device,True
2026-08-12T13:54:30Z,20.01,NVIDIA,164.36,164.36,0.0,44,0.001035,0.3105,3726.59,0.0,nvml,unavailable,partial_measured,,,,,accelerator_device,True
2026-08-12T13:54:31Z,21.01,NVIDIA,172.6,172.6,0.0,44,0.001083,0.3249,3899.23,0.0,nvml,unavailable,partial_measured,,,,,accelerator_device,True
2026-08-12T13:54:32Z,22.01,NVIDIA,223.65,223.65,0.0,44,0.001145,0.3436,4122.92,0.0,nvml,unavailable,partial_measured,,,,,accelerator_device,True
2026-08-12T13:54:33Z,23.01,NVIDIA,174.46,174.46,0.0,44,0.001194,0.3581,4297.42,0.0,nvml,unavailable,partial_measured,,,,,accelerator_device,True
2026-08-12T13:54:34Z,24.01,NVIDIA,229.59,229.59,0.0,50,0.001258,0.3773,4527.07,0.0,nvml,unavailable,partial_measured,,,,,accelerator_device,True
2026-08-12T13:54:35Z,25.01,NVIDIA,174.92,174.92,0.0,44,0.001306,0.3918,4702.03,0.0,nvml,unavailable,partial_measured,,,,,accelerator_device,True
2026-08-12T13:54:36Z,26.01,NVIDIA,198.46,198.46,0.0,45,0.001361,0.4084,4900.56,0.0,nvml,unavailable,partial_measured,,,,,accelerator_device,True
2026-08-12T13:54:37Z,27.01,NVIDIA,152.16,152.16,0.0,43,0.001404,0.4211,5052.77,0.0,nvml,unavailable,partial_measured,,,,,accelerator_device,True
2026-08-12T13:54:38Z,28.01,NVIDIA,227.07,227.07,0.0,45,0.001467,0.44,5279.92,0.0,nvml,unavailable,partial_measured,,,,,accelerator_device,True
2026-08-12T13:54:39Z,29.01,NVIDIA,178.66,178.66,0.0,44,0.001516,0.4549,5458.63,0.0,nvml,unavailable,partial_measured,,,,,accelerator_device,True
2026-08-12T13:54:40Z,30.01,NVIDIA,181.17,181.17,0.0,44,0.001567,0.47,5639.86,0.0,nvml,unavailable,partial_measured,,,,,accelerator_device,True
2026-08-12T13:54:41Z,31.01,NVIDIA,238.99,238.99,0.0,45,0.001633,0.4899,5878.91,0.0,nvml,unavailable,partial_measured,,,,,accelerator_device,True
2026-08-12T13:54:42Z,32.01,NVIDIA,180.31,180.31,0.0,45,0.001683,0.5049,6059.26,0.0,nvml,unavailable,partial_measured,,,,,accelerator_device,True
2026-08-12T13:54:43Z,33.01,NVIDIA,207.81,207.81,0.0,44,0.001741,0.5223,6267.13,0.0,nvml,unavailable,partial_measured,,,,,accelerator_device,True
2026-08-12T13:54:44Z,34.01,NVIDIA,164.33,164.33,0.0,44,0.001787,0.536,6431.53,0.0,nvml,unavailable,partial_measured,,,,,accelerator_device,True
2026-08-12T13:54:45Z,35.01,NVIDIA,210.03,210.03,0.0,44,0.001845,0.5535,6641.6,0.0,nvml,unavailable,partial_measured,,,,,accelerator_device,True
2026-08-12T13:54:46Z,36.01,NVIDIA,165.82,165.82,0.0,44,0.001891,0.5673,6807.47,0.0,nvml,unavailable,partial_measured,,,,,accelerator_device,True
2026-08-12T13:54:47Z,37.01,NVIDIA,194.84,194.84,0.0,44,0.001945,0.5835,7002.36,0.0,nvml,unavailable,partial_measured,,,,,accelerator_device,True
2026-08-12T13:54:48Z,38.01,NVIDIA,179.68,179.68,0.0,44,0.001995,0.5985,7182.08,0.0,nvml,unavailable,partial_measured,,,,,accelerator_device,True
2026-08-12T13:54:49Z,39.01,NVIDIA,184.49,184.49,0.0,44,0.002046,0.6139,7366.61,0.0,nvml,unavailable,partial_measured,,,,,accelerator_device,True
2026-08-12T13:54:50Z,40.01,NVIDIA,183.28,183.28,0.0,44,0.002097,0.6292,7549.93,0.0,nvml,unavailable,partial_measured,,,,,accelerator_device,True
2026-08-12T13:54:51Z,41.01,NVIDIA,198.22,198.22,0.0,43,0.002152,0.6457,7748.2,0.0,nvml,unavailable,partial_measured,,,,,accelerator_device,True
2026-08-12T13:54:52Z,42.01,NVIDIA,211.92,211.92,0.0,45,0.002211,0.6633,7960.18,0.0,nvml,unavailable,partial_measured,,,,,accelerator_device,True
2026-08-12T13:54:53Z,43.01,NVIDIA,186.33,186.33,0.0,45,0.002263,0.6789,8146.56,0.0,nvml,unavailable,partial_measured,,,,,accelerator_device,True
2026-08-12T13:54:54Z,44.01,NVIDIA,246.86,246.86,0.0,51,0.002332,0.6995,8393.48,0.0,nvml,unavailable,partial_measured,,,,,accelerator_device,True
2026-08-12T13:54:55Z,45.01,NVIDIA,179.71,179.71,0.0,45,0.002381,0.7144,8573.24,0.0,nvml,unavailable,partial_measured,,,,,accelerator_device,True
2026-08-12T13:54:56Z,46.01,NVIDIA,214.37,214.37,0.0,46,0.002441,0.7323,8787.68,0.0,nvml,unavailable,partial_measured,,,,,accelerator_device,True
2026-08-12T13:54:57Z,47.01,NVIDIA,164.77,164.77,0.0,44,0.002487,0.746,8952.5,0.0,nvml,unavailable,partial_measured,,,,,accelerator_device,True
2026-08-12T13:54:58Z,48.01,NVIDIA,206.77,206.77,0.0,45,0.002544,0.7633,9159.33,0.0,nvml,unavailable,partial_measured,,,,,accelerator_device,True
2026-08-12T13:54:59Z,49.01,NVIDIA,166.41,166.41,0.0,44,0.00259,0.7771,9325.78,0.0,nvml,unavailable,partial_measured,,,,,accelerator_device,True
2026-08-12T13:55:00Z,50.01,NVIDIA,170.1,170.1,0.0,44,0.002638,0.7913,9495.94,0.0,nvml,unavailable,partial_measured,,,,,accelerator_device,True
2026-08-12T13:55:01Z,51.01,NVIDIA,196.43,196.43,0.0,44,0.002692,0.8077,9692.42,0.0,nvml,unavailable,partial_measured,,,,,accelerator_device,True
2026-08-12T13:55:02Z,52.01,NVIDIA,158.89,158.89,0.0,43,0.002736,0.8209,9851.35,0.0,nvml,unavailable,partial_measured,,,,,accelerator_device,True
2026-08-12T13:55:03Z,53.02,NVIDIA,172.85,172.85,0.0,43,0.002785,0.8354,10024.26,0.0,nvml,unavailable,partial_measured,,,,,accelerator_device,True
2026-08-12T13:55:04Z,54.02,NVIDIA,149.11,149.11,0.0,43,0.002826,0.8478,10173.54,0.0,nvml,unavailable,partial_measured,,,,,accelerator_device,True
2026-08-12T13:55:05Z,55.02,NVIDIA,213.17,213.17,0.0,44,0.002885,0.8656,10386.78,0.0,nvml,unavailable,partial_measured,,,,,accelerator_device,True
2026-08-12T13:55:06Z,56.02,NVIDIA,168.69,168.69,0.0,44,0.002932,0.8796,10555.51,0.0,nvml,unavailable,partial_measured,,,,,accelerator_device,True
2026-08-12T13:55:07Z,57.02,NVIDIA,216.4,216.4,0.0,46,0.002992,0.8977,10772.0,0.0,nvml,unavailable,partial_measured,,,,,accelerator_device,True
2026-08-12T13:55:08Z,58.02,NVIDIA,166.29,166.29,0.0,44,0.003038,0.9115,10938.33,0.0,nvml,unavailable,partial_measured,,,,,accelerator_device,True
2026-08-12T13:55:09Z,59.02,NVIDIA,191.13,191.13,0.0,44,0.003092,0.9275,11129.5,0.0,nvml,unavailable,partial_measured,,,,,accelerator_device,True
2026-08-12T13:55:10Z,60.02,NVIDIA,172.72,172.72,0.0,44,0.00314,0.9419,11302.25,0.0,nvml,unavailable,partial_measured,,,,,accelerator_device,True
2026-08-12T13:55:11Z,61.02,NVIDIA,161.02,161.02,0.0,43,0.003184,0.9553,11463.32,0.0,nvml,unavailable,partial_measured,,,,,accelerator_device,True
2026-08-12T13:55:12Z,62.02,NVIDIA,222.45,222.45,0.0,44,0.003246,0.9738,11685.82,0.0,nvml,unavailable,partial_measured,,,,,accelerator_device,True
2026-08-12T13:55:13Z,63.02,NVIDIA,175.75,175.75,0.0,44,0.003295,0.9885,11861.61,0.0,nvml,unavailable,partial_measured,,,,,accelerator_device,True
2026-08-12T13:55:14Z,64.02,NVIDIA,220.49,220.49,0.0,46,0.003356,1.0068,12082.16,0.0,nvml,unavailable,partial_measured,,,,,accelerator_device,True
2026-08-12T13:55:15Z,65.02,NVIDIA,168.98,168.98,0.0,44,0.003403,1.0209,12251.18,0.0,nvml,unavailable,partial_measured,,,,,accelerator_device,True
2026-08-12T13:55:16Z,66.02,NVIDIA,199.59,199.59,0.0,49,0.003459,1.0376,12450.82,0.0,nvml,unavailable,partial_measured,,,,,accelerator_device,True
2026-08-12T13:55:17Z,67.02,NVIDIA,158.13,158.13,0.0,44,0.003502,1.0507,12609.0,0.0,nvml,unavailable,partial_measured,,,,,accelerator_device,True
2026-08-12T13:55:18Z,68.02,NVIDIA,187.38,187.38,0.0,45,0.003555,1.0664,12796.43,0.0,nvml,unavailable,partial_measured,,,,,accelerator_device,True
2026-08-12T13:55:19Z,69.02,NVIDIA,190.54,190.54,0.0,44,0.003608,1.0823,12987.01,0.0,nvml,unavailable,partial_measured,,,,,accelerator_device,True
2026-08-12T13:55:20Z,70.02,NVIDIA,222.69,222.69,0.0,46,0.003669,1.1008,13209.76,0.0,nvml,unavailable,partial_measured,,,,,accelerator_device,True
2026-08-12T13:55:21Z,71.02,NVIDIA,200.2,200.2,0.0,44,0.003725,1.1175,13410.02,0.0,nvml,unavailable,partial_measured,,,,,accelerator_device,True
2026-08-12T13:55:22Z,72.02,NVIDIA,231.17,231.17,0.0,51,0.003789,1.1368,13641.24,0.0,nvml,unavailable,partial_measured,,,,,accelerator_device,True
2026-08-12T13:55:23Z,73.02,NVIDIA,193.38,193.38,0.0,45,0.003843,1.1529,13834.67,0.0,nvml,unavailable,partial_measured,,,,,accelerator_device,True
2026-08-12T13:55:24Z,74.02,NVIDIA,231.34,231.34,0.0,44,0.003907,1.1722,14066.06,0.0,nvml,unavailable,partial_measured,,,,,accelerator_device,True
2026-08-12T13:55:25Z,75.02,NVIDIA,203.43,203.43,0.0,45,0.003964,1.1891,14269.55,0.0,nvml,unavailable,partial_measured,,,,,accelerator_device,True
2026-08-12T13:55:26Z,76.02,NVIDIA,235.57,235.57,0.0,44,0.004029,1.2088,14505.19,0.0,nvml,unavailable,partial_measured,,,,,accelerator_device,True
2026-08-12T13:55:27Z,77.02,NVIDIA,192.28,192.28,0.0,45,0.004083,1.2248,14697.52,0.0,nvml,unavailable,partial_measured,,,,,accelerator_device,True
2026-08-12T13:55:28Z,78.02,NVIDIA,190.65,190.65,0.0,44,0.004136,1.2407,14888.59,0.0,nvml,unavailable,partial_measured,,,,,accelerator_device,True
2026-08-12T13:55:29Z,79.02,NVIDIA,229.88,229.88,0.0,45,0.0042,1.2599,15118.55,0.0,nvml,unavailable,partial_measured,,,,,accelerator_device,True
2026-08-12T13:55:30Z,80.03,NVIDIA,204.08,204.08,0.0,45,0.004256,1.2769,15322.71,0.0,nvml,unavailable,partial_measured,,,,,accelerator_device,True
2026-08-12T13:55:31Z,81.03,NVIDIA,214.46,214.46,0.0,45,0.004316,1.2948,15537.26,0.0,nvml,unavailable,partial_measured,,,,,accelerator_device,True
2026-08-12T13:55:32Z,82.03,NVIDIA,191.33,191.33,0.0,44,0.004369,1.3107,15728.65,0.0,nvml,unavailable,partial_measured,,,,,accelerator_device,True
2026-08-12T13:55:33Z,83.03,NVIDIA,186.06,186.06,0.0,44,0.004421,1.3262,15914.75,0.0,nvml,unavailable,partial_measured,,,,,accelerator_device,True
2026-08-12T13:55:34Z,84.03,NVIDIA,200.33,200.33,0.0,44,0.004476,1.3429,16115.12,0.0,nvml,unavailable,partial_measured,,,,,accelerator_device,True
2026-08-12T13:55:35Z,85.03,NVIDIA,205.05,205.05,0.0,45,0.004533,1.36,16320.22,0.0,nvml,unavailable,partial_measured,,,,,accelerator_device,True
2026-08-12T13:55:36Z,86.03,NVIDIA,208.38,208.38,0.0,44,0.004591,1.3774,16528.64,0.0,nvml,unavailable,partial_measured,,,,,accelerator_device,True
2026-08-12T13:55:37Z,87.03,NVIDIA,203.63,203.63,0.0,44,0.004648,1.3944,16732.32,0.0,nvml,unavailable,partial_measured,,,,,accelerator_device,True
2026-08-12T13:55:38Z,88.03,NVIDIA,217.38,217.38,0.0,49,0.004708,1.4125,16949.78,0.0,nvml,unavailable,partial_measured,,,,,accelerator_device,True
2026-08-12T13:55:39Z,89.03,NVIDIA,202.81,202.81,0.0,45,0.004765,1.4294,17152.64,0.0,nvml,unavailable,partial_measured,,,,,accelerator_device,True
2026-08-12T13:55:40Z,90.03,NVIDIA,202.66,202.66,0.0,44,0.004821,1.4463,17355.37,0.0,nvml,unavailable,partial_measured,,,,,accelerator_device,True
2026-08-12T13:55:41Z,91.03,NVIDIA,228.03,228.03,0.0,45,0.004884,1.4653,17583.45,0.0,nvml,unavailable,partial_measured,,,,,accelerator_device,True
2026-08-12T13:55:42Z,92.03,NVIDIA,197.87,197.87,0.0,44,0.004939,1.4818,17781.37,0.0,nvml,unavailable,partial_measured,,,,,accelerator_device,True
2026-08-12T13:55:43Z,93.03,NVIDIA,247.95,247.95,0.0,46,0.005008,1.5024,18029.38,0.0,nvml,unavailable,partial_measured,,,,,accelerator_device,True
2026-08-12T13:55:44Z,94.03,NVIDIA,211.93,211.93,0.0,45,0.005067,1.5201,18241.36,0.0,nvml,unavailable,partial_measured,,,,,accelerator_device,True
2026-08-12T13:55:45Z,95.03,NVIDIA,200.84,200.84,0.0,46,0.005123,1.5369,18442.25,0.0,nvml,unavailable,partial_measured,,,,,accelerator_device,True
2026-08-12T13:55:46Z,96.03,NVIDIA,172.51,172.51,0.0,44,0.005171,1.5512,18614.83,0.0,nvml,unavailable,partial_measured,,,,,accelerator_device,True
2026-08-12T13:55:47Z,97.03,NVIDIA,229.13,229.13,0.0,46,0.005234,1.5703,18844.04,0.0,nvml,unavailable,partial_measured,,,,,accelerator_device,True
2026-08-12T13:55:48Z,98.03,NVIDIA,201.64,201.64,0.0,45,0.00529,1.5871,19045.73,0.0,nvml,unavailable,partial_measured,,,,,accelerator_device,True
2026-08-12T13:55:49Z,99.03,NVIDIA,211.72,211.72,0.0,45,0.005349,1.6048,19257.51,0.0,nvml,unavailable,partial_measured,,,,,accelerator_device,True
2026-08-12T13:55:50Z,100.03,NVIDIA,184.15,184.15,0.0,44,0.0054,1.6201,19441.72,0.0,nvml,unavailable,partial_measured,,,,,accelerator_device,True
2026-08-12T13:55:51Z,101.03,NVIDIA,249.19,249.19,0.0,46,0.00547,1.6409,19690.98,0.0,nvml,unavailable,partial_measured,,,,,accelerator_device,True
2026-08-12T13:55:52Z,102.03,NVIDIA,211.05,211.05,0.0,45,0.005528,1.6585,19902.09,0.0,nvml,unavailable,partial_measured,,,,,accelerator_device,True
2026-08-12T13:55:53Z,103.03,NVIDIA,228.86,228.86,0.0,49,0.005592,1.6776,20131.01,0.0,nvml,unavailable,partial_measured,,,,,accelerator_device,True
2026-08-12T13:55:54Z,104.03,NVIDIA,206.79,206.79,0.0,45,0.005649,1.6948,20337.86,0.0,nvml,unavailable,partial_measured,,,,,accelerator_device,True
2026-08-12T13:55:55Z,105.03,NVIDIA,200.88,200.88,0.0,52,0.005705,1.7116,20538.8,0.0,nvml,unavailable,partial_measured,,,,,accelerator_device,True
2026-08-12T13:55:56Z,106.03,NVIDIA,231.81,231.81,0.0,46,0.00577,1.7309,20770.68,0.0,nvml,unavailable,partial_measured,,,,,accelerator_device,True
2026-08-12T13:55:57Z,107.03,NVIDIA,189.45,189.45,0.0,51,0.005822,1.7467,20960.18,0.0,nvml,unavailable,partial_measured,,,,,accelerator_device,True
2026-08-12T13:55:58Z,108.03,NVIDIA,200.57,200.57,0.0,45,0.005878,1.7634,21160.79,0.0,nvml,unavailable,partial_measured,,,,,accelerator_device,True
2026-08-12T13:55:59Z,109.03,NVIDIA,204.8,204.8,0.0,51,0.005935,1.7805,21365.64,0.0,nvml,unavailable,partial_measured,,,,,accelerator_device,True
2026-08-12T13:56:00Z,110.03,NVIDIA,228.04,228.04,0.0,46,0.005998,1.7995,21593.75,0.0,nvml,unavailable,partial_measured,,,,,accelerator_device,True
2026-08-12T13:56:01Z,111.03,NVIDIA,190.61,190.61,0.0,48,0.006051,1.8154,21784.44,0.0,nvml,unavailable,partial_measured,,,,,accelerator_device,True
2026-08-12T13:56:02Z,112.03,NVIDIA,218.41,218.41,0.0,45,0.006112,1.8336,22002.91,0.0,nvml,unavailable,partial_measured,,,,,accelerator_device,True
2026-08-12T13:56:03Z,113.03,NVIDIA,214.7,214.7,0.0,53,0.006172,1.8515,22217.68,0.0,nvml,unavailable,partial_measured,,,,,accelerator_device,True
2026-08-12T13:56:04Z,114.04,NVIDIA,216.59,216.59,0.0,45,0.006232,1.8695,22434.33,0.0,nvml,unavailable,partial_measured,,,,,accelerator_device,True
2026-08-12T13:56:05Z,115.04,NVIDIA,187.15,187.15,0.0,44,0.006284,1.8851,22621.52,0.0,nvml,unavailable,partial_measured,,,,,accelerator_device,True
2026-08-12T13:56:06Z,116.04,NVIDIA,222.74,222.74,0.0,46,0.006346,1.9037,22844.32,0.0,nvml,unavailable,partial_measured,,,,,accelerator_device,True
2026-08-12T13:56:07Z,117.04,NVIDIA,185.98,185.98,0.0,44,0.006397,1.9192,23030.35,0.0,nvml,unavailable,partial_measured,,,,,accelerator_device,True
2026-08-12T13:56:08Z,118.04,NVIDIA,230.32,230.32,0.0,46,0.006461,1.9384,23260.71,0.0,nvml,unavailable,partial_measured,,,,,accelerator_device,True
2026-08-12T13:56:09Z,119.04,NVIDIA,182.62,182.62,0.0,44,0.006512,1.9536,23443.38,0.0,nvml,unavailable,partial_measured,,,,,accelerator_device,True
2026-08-12T13:56:10Z,120.04,NVIDIA,217.06,217.06,0.0,46,0.006572,1.9717,23660.49,0.0,nvml,unavailable,partial_measured,,,,,accelerator_device,True
2026-08-12T13:56:11Z,121.04,NVIDIA,190.72,190.72,0.0,45,0.006625,1.9876,23851.25,0.0,nvml,unavailable,partial_measured,,,,,accelerator_device,True
2026-08-12T13:56:12Z,122.04,NVIDIA,243.26,243.26,0.0,47,0.006693,2.0079,24094.57,0.0,nvml,unavailable,partial_measured,,,,,accelerator_device,True
2026-08-12T13:56:13Z,123.04,NVIDIA,195.26,195.26,0.0,45,0.006747,2.0242,24289.88,0.0,nvml,unavailable,partial_measured,,,,,accelerator_device,True
2026-08-12T13:56:14Z,124.04,NVIDIA,238.16,238.16,0.0,54,0.006813,2.044,24528.11,0.0,nvml,unavailable,partial_measured,,,,,accelerator_device,True
2026-08-12T13:56:15Z,125.04,NVIDIA,200.8,200.8,0.0,45,0.006869,2.0607,24728.96,0.0,nvml,unavailable,partial_measured,,,,,accelerator_device,True
2026-08-12T13:56:16Z,126.04,NVIDIA,201.44,201.44,0.0,50,0.006925,2.0775,24930.46,0.0,nvml,unavailable,partial_measured,,,,,accelerator_device,True
2026-08-12T13:56:17Z,127.04,NVIDIA,198.19,198.19,0.0,45,0.00698,2.0941,25128.69,0.0,nvml,unavailable,partial_measured,,,,,accelerator_device,True
2026-08-12T13:56:18Z,128.04,NVIDIA,187.59,187.59,0.0,44,0.007032,2.1097,25316.33,0.0,nvml,unavailable,partial_measured,,,,,accelerator_device,True
2026-08-12T13:56:19Z,129.04,NVIDIA,184.44,184.44,0.0,44,0.007084,2.1251,25500.82,0.0,nvml,unavailable,partial_measured,,,,,accelerator_device,True
2026-08-12T13:56:20Z,130.04,NVIDIA,232.15,232.15,0.0,46,0.007148,2.1444,25733.03,0.0,nvml,unavailable,partial_measured,,,,,accelerator_device,True
2026-08-12T13:56:21Z,131.04,NVIDIA,201.34,201.34,0.0,46,0.007204,2.1612,25934.42,0.0,nvml,unavailable,partial_measured,,,,,accelerator_device,True
2026-08-12T13:56:22Z,132.04,NVIDIA,209.98,209.98,0.0,46,0.007262,2.1787,26144.46,0.0,nvml,unavailable,partial_measured,,,,,accelerator_device,True
2026-08-12T13:56:23Z,133.04,NVIDIA,226.48,226.48,0.0,45,0.007325,2.1976,26371.0,0.0,nvml,unavailable,partial_measured,,,,,accelerator_device,True
2026-08-12T13:56:24Z,134.04,NVIDIA,226.77,226.77,0.0,45,0.007388,2.2165,26597.85,0.0,nvml,unavailable,partial_measured,,,,,accelerator_device,True
2026-08-12T13:56:25Z,135.04,NVIDIA,214.29,214.29,0.0,45,0.007448,2.2344,26812.21,0.0,nvml,unavailable,partial_measured,,,,,accelerator_device,True
2026-08-12T13:56:26Z,136.04,NVIDIA,219.12,219.12,0.0,45,0.007509,2.2526,27031.41,0.0,nvml,unavailable,partial_measured,,,,,accelerator_device,True
2026-08-12T13:56:27Z,137.04,NVIDIA,221.94,221.94,0.0,45,0.00757,2.2711,27253.41,0.0,nvml,unavailable,partial_measured,,,,,accelerator_device,True
2026-08-12T13:56:28Z,138.04,NVIDIA,209.15,209.15,0.0,49,0.007629,2.2886,27462.62,0.0,nvml,unavailable,partial_measured,,,,,accelerator_device,True
2026-08-12T13:56:29Z,139.04,NVIDIA,202.62,202.62,0.0,47,0.007685,2.3054,27665.28,0.0,nvml,unavailable,partial_measured,,,,,accelerator_device,True
2026-08-12T13:56:30Z,140.04,NVIDIA,179.57,179.57,0.0,45,0.007735,2.3204,27844.9,0.0,nvml,unavailable,partial_measured,,,,,accelerator_device,True
2026-08-12T13:56:31Z,141.04,NVIDIA,180.8,180.8,0.0,44,0.007785,2.3355,28025.75,0.0,nvml,unavailable,partial_measured,,,,,accelerator_device,True
2026-08-12T13:56:32Z,142.04,NVIDIA,183.67,183.67,0.0,44,0.007836,2.3508,28209.46,0.0,nvml,unavailable,partial_measured,,,,,accelerator_device,True
2026-08-12T13:56:33Z,143.04,NVIDIA,200.5,200.5,0.0,46,0.007892,2.3675,28410.01,0.0,nvml,unavailable,partial_measured,,,,,accelerator_device,True
2026-08-12T13:56:34Z,144.04,NVIDIA,170.3,170.3,0.0,44,0.007939,2.3817,28580.35,0.0,nvml,unavailable,partial_measured,,,,,accelerator_device,True
2026-08-12T13:56:35Z,145.04,NVIDIA,185.3,185.3,0.0,45,0.00799,2.3971,28765.69,0.0,nvml,unavailable,partial_measured,,,,,accelerator_device,True
2026-08-12T13:56:36Z,146.04,NVIDIA,201.78,201.78,0.0,44,0.008047,2.414,28967.52,0.0,nvml,unavailable,partial_measured,,,,,accelerator_device,True
2026-08-12T13:56:37Z,147.04,NVIDIA,204.29,204.29,0.0,44,0.008103,2.431,29171.85,0.0,nvml,unavailable,partial_measured,,,,,accelerator_device,True
2026-08-12T13:56:38Z,148.04,NVIDIA,256.31,256.31,0.0,47,0.008175,2.4524,29428.22,0.0,nvml,unavailable,partial_measured,,,,,accelerator_device,True
2026-08-12T13:56:39Z,149.04,NVIDIA,215.19,215.19,0.0,47,0.008234,2.4703,29643.48,0.0,nvml,unavailable,partial_measured,,,,,accelerator_device,True
2026-08-12T13:56:40Z,150.04,NVIDIA,197.68,197.68,0.0,51,0.008289,2.4868,29841.21,0.0,nvml,unavailable,partial_measured,,,,,accelerator_device,True
2026-08-12T13:56:41Z,151.04,NVIDIA,284.11,284.11,0.0,46,0.008368,2.5104,30125.4,0.0,nvml,unavailable,partial_measured,,,,,accelerator_device,True
2026-08-12T13:56:42Z,152.04,NVIDIA,215.08,215.08,0.0,46,0.008428,2.5284,30340.54,0.0,nvml,unavailable,partial_measured,,,,,accelerator_device,True
2026-08-12T13:56:43Z,153.05,NVIDIA,217.39,217.39,0.0,46,0.008488,2.5465,30557.99,0.0,nvml,unavailable,partial_measured,,,,,accelerator_device,True
2026-08-12T13:56:44Z,154.05,NVIDIA,217.65,217.65,0.0,46,0.008549,2.5646,30775.69,0.0,nvml,unavailable,partial_measured,,,,,accelerator_device,True
2026-08-12T13:56:45Z,155.05,NVIDIA,220.75,220.75,0.0,46,0.00861,2.583,30996.5,0.0,nvml,unavailable,partial_measured,,,,,accelerator_device,True
2026-08-12T13:56:46Z,156.05,NVIDIA,221.82,221.82,0.0,46,0.008672,2.6015,31218.37,0.0,nvml,unavailable,partial_measured,,,,,accelerator_device,True
2026-08-12T13:56:47Z,157.05,NVIDIA,223.18,223.18,0.0,46,0.008734,2.6201,31441.61,0.0,nvml,unavailable,partial_measured,,,,,accelerator_device,True
2026-08-12T13:56:48Z,158.05,NVIDIA,223.74,223.74,0.0,46,0.008796,2.6388,31665.41,0.0,nvml,unavailable,partial_measured,,,,,accelerator_device,True
2026-08-12T13:56:49Z,159.05,NVIDIA,312.36,312.36,0.0,47,0.008883,2.6648,31977.85,0.0,nvml,unavailable,partial_measured,,,,,accelerator_device,True
2026-08-12T13:56:50Z,160.05,NVIDIA,217.75,217.75,0.0,47,0.008943,2.683,32195.66,0.0,nvml,unavailable,partial_measured,,,,,accelerator_device,True
2026-08-12T13:56:51Z,161.05,NVIDIA,219.08,219.08,0.0,46,0.009004,2.7012,32414.8,0.0,nvml,unavailable,partial_measured,,,,,accelerator_device,True
2026-08-12T13:56:52Z,162.05,NVIDIA,221.72,221.72,0.0,47,0.009066,2.7197,32636.58,0.0,nvml,unavailable,partial_measured,,,,,accelerator_device,True
2026-08-12T13:56:53Z,163.05,NVIDIA,222.94,222.94,0.0,46,0.009128,2.7383,32859.59,0.0,nvml,unavailable,partial_measured,,,,,accelerator_device,True
2026-08-12T13:56:54Z,164.05,NVIDIA,224.17,224.17,0.0,46,0.00919,2.757,33083.82,0.0,nvml,unavailable,partial_measured,,,,,accelerator_device,True
2026-08-12T13:56:55Z,165.05,NVIDIA,225.54,225.54,0.0,46,0.009253,2.7758,33309.43,0.0,nvml,unavailable,partial_measured,,,,,accelerator_device,True
2026-08-12T13:56:56Z,166.05,NVIDIA,227.52,227.52,0.0,47,0.009316,2.7948,33537.0,0.0,nvml,unavailable,partial_measured,,,,,accelerator_device,True
2026-08-12T13:56:57Z,167.05,NVIDIA,322.19,322.19,0.0,47,0.009405,2.8216,33859.29,0.0,nvml,unavailable,partial_measured,,,,,accelerator_device,True
2026-08-12T13:56:58Z,168.05,NVIDIA,215.67,215.67,0.0,46,0.009465,2.8396,34075.01,0.0,nvml,unavailable,partial_measured,,,,,accelerator_device,True
2026-08-12T13:56:59Z,169.05,NVIDIA,217.94,217.94,0.0,46,0.009526,2.8577,34293.0,0.0,nvml,unavailable,partial_measured,,,,,accelerator_device,True
2026-08-12T13:57:00Z,170.05,NVIDIA,221.17,221.17,0.0,46,0.009587,2.8762,34514.23,0.0,nvml,unavailable,partial_measured,,,,,accelerator_device,True
2026-08-12T13:57:01Z,171.05,NVIDIA,220.97,220.97,0.0,46,0.009649,2.8946,34735.26,0.0,nvml,unavailable,partial_measured,,,,,accelerator_device,True
2026-08-12T13:57:02Z,172.05,NVIDIA,223.48,223.48,0.0,46,0.009711,2.9132,34958.81,0.0,nvml,unavailable,partial_measured,,,,,accelerator_device,True
2026-08-12T13:57:03Z,173.05,NVIDIA,224.43,224.43,0.0,47,0.009773,2.9319,35183.3,0.0,nvml,unavailable,partial_measured,,,,,accelerator_device,True
2026-08-12T13:57:04Z,174.05,NVIDIA,225.81,225.81,0.0,47,0.009836,2.9508,35409.17,0.0,nvml,unavailable,partial_measured,,,,,accelerator_device,True
2026-08-12T13:57:05Z,175.05,NVIDIA,324.87,324.87,0.0,47,0.009926,2.9778,35734.14,0.0,nvml,unavailable,partial_measured,,,,,accelerator_device,True
2026-08-12T13:57:06Z,176.05,NVIDIA,209.59,209.59,0.0,46,0.009984,2.9953,35943.79,0.0,nvml,unavailable,partial_measured,,,,,accelerator_device,True
2026-08-12T13:57:07Z,177.05,NVIDIA,210.52,210.52,0.0,46,0.010043,3.0129,36154.37,0.0,nvml,unavailable,partial_measured,,,,,accelerator_device,True
2026-08-12T13:57:08Z,178.05,NVIDIA,211.49,211.49,0.0,46,0.010102,3.0305,36365.92,0.0,nvml,unavailable,partial_measured,,,,,accelerator_device,True
2026-08-12T13:57:09Z,179.05,NVIDIA,211.79,211.79,0.0,46,0.01016,3.0481,36577.77,0.0,nvml,unavailable,partial_measured,,,,,accelerator_device,True
2026-08-12T13:57:10Z,180.05,NVIDIA,214.96,214.96,0.0,46,0.01022,3.0661,36792.78,0.0,nvml,unavailable,partial_measured,,,,,accelerator_device,True
2026-08-12T13:57:11Z,181.05,NVIDIA,216.05,216.05,0.0,46,0.01028,3.0841,37008.92,0.0,nvml,unavailable,partial_measured,,,,,accelerator_device,True
2026-08-12T13:57:12Z,182.05,NVIDIA,216.98,216.98,0.0,46,0.010341,3.1022,37225.96,0.0,nvml,unavailable,partial_measured,,,,,accelerator_device,True
2026-08-12T13:57:13Z,183.05,NVIDIA,324.38,324.38,0.0,51,0.010431,3.1292,37550.43,0.0,nvml,unavailable,partial_measured,,,,,accelerator_device,True
2026-08-12T13:57:14Z,184.05,NVIDIA,210.22,210.22,0.0,47,0.010489,3.1467,37760.7,0.0,nvml,unavailable,partial_measured,,,,,accelerator_device,True
2026-08-12T13:57:15Z,185.05,NVIDIA,211.28,211.28,0.0,46,0.010548,3.1643,37972.03,0.0,nvml,unavailable,partial_measured,,,,,accelerator_device,True
2026-08-12T13:57:16Z,186.05,NVIDIA,213.36,213.36,0.0,46,0.010607,3.1821,38185.45,0.0,nvml,unavailable,partial_measured,,,,,accelerator_device,True
2026-08-12T13:57:17Z,187.05,NVIDIA,215.52,215.52,0.0,46,0.010667,3.2001,38401.02,0.0,nvml,unavailable,partial_measured,,,,,accelerator_device,True
2026-08-12T13:57:18Z,188.05,NVIDIA,218.89,218.89,0.0,46,0.010728,3.2183,38619.98,0.0,nvml,unavailable,partial_measured,,,,,accelerator_device,True
2026-08-12T13:57:19Z,189.06,NVIDIA,220.59,220.59,0.0,46,0.010789,3.2367,38840.65,0.0,nvml,unavailable,partial_measured,,,,,accelerator_device,True
2026-08-12T13:57:20Z,190.06,NVIDIA,222.7,222.7,0.0,46,0.010851,3.2553,39063.4,0.0,nvml,unavailable,partial_measured,,,,,accelerator_device,True
2026-08-12T13:57:21Z,191.06,NVIDIA,229.91,229.91,0.0,47,0.010915,3.2744,39293.36,0.0,nvml,unavailable,partial_measured,,,,,accelerator_device,True
2026-08-12T13:57:22Z,192.06,NVIDIA,314.76,314.76,0.0,47,0.011002,3.3007,39608.18,0.0,nvml,unavailable,partial_measured,,,,,accelerator_device,True
2026-08-12T13:57:23Z,193.06,NVIDIA,212.22,212.22,0.0,46,0.011061,3.3184,39820.47,0.0,nvml,unavailable,partial_measured,,,,,accelerator_device,True
2026-08-12T13:57:24Z,194.06,NVIDIA,212.41,212.41,0.0,46,0.01112,3.3361,40032.94,0.0,nvml,unavailable,partial_measured,,,,,accelerator_device,True
2026-08-12T13:57:25Z,195.06,NVIDIA,215.61,215.61,0.0,46,0.01118,3.354,40248.6,0.0,nvml,unavailable,partial_measured,,,,,accelerator_device,True
2026-08-12T13:57:26Z,196.06,NVIDIA,215.71,215.71,0.0,46,0.01124,3.372,40464.36,0.0,nvml,unavailable,partial_measured,,,,,accelerator_device,True
2026-08-12T13:57:27Z,197.06,NVIDIA,218.44,218.44,0.0,46,0.011301,3.3902,40682.87,0.0,nvml,unavailable,partial_measured,,,,,accelerator_device,True
2026-08-12T13:57:28Z,198.06,NVIDIA,219.46,219.46,0.0,46,0.011362,3.4085,40902.39,0.0,nvml,unavailable,partial_measured,,,,,accelerator_device,True
2026-08-12T13:57:29Z,199.06,NVIDIA,220.56,220.56,0.0,46,0.011423,3.4269,41122.99,0.0,nvml,unavailable,partial_measured,,,,,accelerator_device,True
2026-08-12T13:57:30Z,200.06,NVIDIA,324.87,324.87,0.0,50,0.011513,3.454,41447.95,0.0,nvml,unavailable,partial_measured,,,,,accelerator_device,True
2026-08-12T13:57:31Z,201.06,NVIDIA,217.82,217.82,0.0,46,0.011574,3.4722,41665.85,0.0,nvml,unavailable,partial_measured,,,,,accelerator_device,True
2026-08-12T13:57:32Z,202.06,NVIDIA,218.67,218.67,0.0,47,0.011635,3.4904,41884.57,0.0,nvml,unavailable,partial_measured,,,,,accelerator_device,True
2026-08-12T13:57:33Z,203.06,NVIDIA,219.6,219.6,0.0,46,0.011696,3.5087,42104.22,0.0,nvml,unavailable,partial_measured,,,,,accelerator_device,True
2026-08-12T13:57:34Z,204.06,NVIDIA,221.72,221.72,0.0,46,0.011757,3.5272,42326.01,0.0,nvml,unavailable,partial_measured,,,,,accelerator_device,True
2026-08-12T13:57:35Z,205.06,NVIDIA,222.38,222.38,0.0,46,0.011819,3.5457,42548.45,0.0,nvml,unavailable,partial_measured,,,,,accelerator_device,True
2026-08-12T13:57:36Z,206.06,NVIDIA,224.39,224.39,0.0,47,0.011881,3.5644,42772.91,0.0,nvml,unavailable,partial_measured,,,,,accelerator_device,True
2026-08-12T13:57:37Z,207.06,NVIDIA,225.38,225.38,0.0,47,0.011944,3.5832,42998.36,0.0,nvml,unavailable,partial_measured,,,,,accelerator_device,True
2026-08-12T13:57:38Z,208.06,NVIDIA,228.59,228.59,0.0,47,0.012008,3.6023,43227.85,0.0,nvml,unavailable,partial_measured,,,,,accelerator_device,True
2026-08-12T13:57:39Z,209.06,NVIDIA,325.55,325.55,0.0,48,0.012098,3.6295,43553.54,0.0,nvml,unavailable,partial_measured,,,,,accelerator_device,True
2026-08-12T13:57:40Z,210.06,NVIDIA,222.11,222.11,0.0,47,0.01216,3.648,43775.72,0.0,nvml,unavailable,partial_measured,,,,,accelerator_device,True
2026-08-12T13:57:41Z,211.06,NVIDIA,222.91,222.91,0.0,47,0.012222,3.6666,43998.72,0.0,nvml,unavailable,partial_measured,,,,,accelerator_device,True
2026-08-12T13:57:42Z,212.07,NVIDIA,224.94,224.94,0.0,47,0.012284,3.6853,44223.71,0.0,nvml,unavailable,partial_measured,,,,,accelerator_device,True
2026-08-12T13:57:43Z,213.07,NVIDIA,226.33,226.33,0.0,47,0.012347,3.7042,44450.14,0.0,nvml,unavailable,partial_measured,,,,,accelerator_device,True
2026-08-12T13:57:44Z,214.07,NVIDIA,225.88,225.88,0.0,47,0.01241,3.723,44676.09,0.0,nvml,unavailable,partial_measured,,,,,accelerator_device,True
2026-08-12T13:57:45Z,215.07,NVIDIA,228.53,228.53,0.0,47,0.012474,3.7421,44904.68,0.0,nvml,unavailable,partial_measured,,,,,accelerator_device,True
2026-08-12T13:57:46Z,216.07,NVIDIA,230.71,230.71,0.0,47,0.012538,3.7613,45135.48,0.0,nvml,unavailable,partial_measured,,,,,accelerator_device,True
2026-08-12T13:57:47Z,217.07,NVIDIA,350.61,350.61,0.0,60,0.012635,3.7905,45486.24,0.0,nvml,unavailable,partial_measured,,,,,accelerator_device,True
2026-08-12T13:57:48Z,218.07,NVIDIA,223.46,223.46,0.0,47,0.012697,3.8091,45709.75,0.0,nvml,unavailable,partial_measured,,,,,accelerator_device,True
2026-08-12T13:57:49Z,219.07,NVIDIA,223.07,223.07,0.0,47,0.012759,3.8277,45932.87,0.0,nvml,unavailable,partial_measured,,,,,accelerator_device,True
2026-08-12T13:57:50Z,220.07,NVIDIA,226.32,226.32,0.0,47,0.012822,3.8466,46159.24,0.0,nvml,unavailable,partial_measured,,,,,accelerator_device,True
2026-08-12T13:57:51Z,221.07,NVIDIA,227.07,227.07,0.0,47,0.012885,3.8655,46386.37,0.0,nvml,unavailable,partial_measured,,,,,accelerator_device,True
2026-08-12T13:57:52Z,222.07,NVIDIA,228.03,228.03,0.0,47,0.012948,3.8845,46614.46,0.0,nvml,unavailable,partial_measured,,,,,accelerator_device,True
2026-08-12T13:57:53Z,223.07,NVIDIA,228.95,228.95,0.0,47,0.013012,3.9036,46843.46,0.0,nvml,unavailable,partial_measured,,,,,accelerator_device,True
2026-08-12T13:57:54Z,224.07,NVIDIA,232.65,232.65,0.0,47,0.013077,3.923,47076.16,0.0,nvml,unavailable,partial_measured,,,,,accelerator_device,True
2026-08-12T13:57:55Z,225.07,NVIDIA,232.7,232.7,0.0,47,0.013141,3.9424,47308.92,0.0,nvml,unavailable,partial_measured,,,,,accelerator_device,True
2026-08-12T13:57:56Z,226.07,NVIDIA,333.85,333.85,0.0,47,0.013234,3.9702,47642.88,0.0,nvml,unavailable,partial_measured,,,,,accelerator_device,True
2026-08-12T13:57:57Z,227.07,NVIDIA,214.01,214.01,0.0,47,0.013294,3.9881,47856.94,0.0,nvml,unavailable,partial_measured,,,,,accelerator_device,True
2026-08-12T13:57:58Z,228.07,NVIDIA,215.38,215.38,0.0,46,0.013353,4.006,48072.4,0.0,nvml,unavailable,partial_measured,,,,,accelerator_device,True
2026-08-12T13:57:59Z,229.07,NVIDIA,218.39,218.39,0.0,46,0.013414,4.0242,48290.86,0.0,nvml,unavailable,partial_measured,,,,,accelerator_device,True
2026-08-12T13:58:00Z,230.07,NVIDIA,219.54,219.54,0.0,46,0.013475,4.0425,48510.46,0.0,nvml,unavailable,partial_measured,,,,,accelerator_device,True
2026-08-12T13:58:01Z,231.07,NVIDIA,220.32,220.32,0.0,47,0.013536,4.0609,48730.83,0.0,nvml,unavailable,partial_measured,,,,,accelerator_device,True
2026-08-12T13:58:02Z,232.07,NVIDIA,221.4,221.4,0.0,46,0.013598,4.0794,48952.29,0.0,nvml,unavailable,partial_measured,,,,,accelerator_device,True
2026-08-12T13:58:03Z,233.07,NVIDIA,223.63,223.63,0.0,47,0.01366,4.098,49175.98,0.0,nvml,unavailable,partial_measured,,,,,accelerator_device,True
2026-08-12T13:58:04Z,234.07,NVIDIA,345.96,345.96,0.0,52,0.013756,4.1268,49522.09,0.0,nvml,unavailable,partial_measured,,,,,accelerator_device,True
2026-08-12T13:58:05Z,235.07,NVIDIA,220.45,220.45,0.0,47,0.013817,4.1452,49742.59,0.0,nvml,unavailable,partial_measured,,,,,accelerator_device,True
2026-08-12T13:58:06Z,236.07,NVIDIA,219.73,219.73,0.0,47,0.013878,4.1635,49962.38,0.0,nvml,unavailable,partial_measured,,,,,accelerator_device,True
2026-08-12T13:58:07Z,237.07,NVIDIA,222.02,222.02,0.0,47,0.01394,4.182,50184.48,0.0,nvml,unavailable,partial_measured,,,,,accelerator_device,True
2026-08-12T13:58:08Z,238.07,NVIDIA,223.25,223.25,0.0,47,0.014002,4.2007,50407.81,0.0,nvml,unavailable,partial_measured,,,,,accelerator_device,True
2026-08-12T13:58:09Z,239.07,NVIDIA,225.07,225.07,0.0,47,0.014065,4.2194,50632.94,0.0,nvml,unavailable,partial_measured,,,,,accelerator_device,True
2026-08-12T13:58:10Z,240.07,NVIDIA,227.66,227.66,0.0,47,0.014128,4.2384,50860.66,0.0,nvml,unavailable,partial_measured,,,,,accelerator_device,True
2026-08-12T13:58:11Z,241.07,NVIDIA,229.44,229.44,0.0,47,0.014192,4.2575,51090.15,0.0,nvml,unavailable,partial_measured,,,,,accelerator_device,True
2026-08-12T13:58:12Z,242.07,NVIDIA,277.49,277.49,0.0,46,0.014269,4.2806,51367.7,0.0,nvml,unavailable,partial_measured,,,,,accelerator_device,True
2026-08-12T13:58:13Z,243.07,NVIDIA,308.29,308.29,0.0,48,0.014354,4.3063,51676.06,0.0,nvml,unavailable,partial_measured,,,,,accelerator_device,True
2026-08-12T13:58:14Z,244.07,NVIDIA,222.22,222.22,0.0,47,0.014416,4.3249,51898.36,0.0,nvml,unavailable,partial_measured,,,,,accelerator_device,True
2026-08-12T13:58:15Z,245.07,NVIDIA,222.85,222.85,0.0,47,0.014478,4.3434,52121.28,0.0,nvml,unavailable,partial_measured,,,,,accelerator_device,True
2026-08-12T13:58:16Z,246.08,NVIDIA,222.67,222.67,0.0,47,0.01454,4.362,52344.04,0.0,nvml,unavailable,partial_measured,,,,,accelerator_device,True
2026-08-12T13:58:17Z,247.08,NVIDIA,224.38,224.38,0.0,47,0.014602,4.3807,52568.46,0.0,nvml,unavailable,partial_measured,,,,,accelerator_device,True
2026-08-12T13:58:18Z,248.08,NVIDIA,229.09,229.09,0.0,47,0.014666,4.3998,52797.61,0.0,nvml,unavailable,partial_measured,,,,,accelerator_device,True
2026-08-12T13:58:19Z,249.08,NVIDIA,227.59,227.59,0.0,47,0.014729,4.4188,53025.29,0.0,nvml,unavailable,partial_measured,,,,,accelerator_device,True
2026-08-12T13:58:20Z,250.08,NVIDIA,231.85,231.85,0.0,47,0.014794,4.4381,53257.2,0.0,nvml,unavailable,partial_measured,,,,,accelerator_device,True
2026-08-12T13:58:21Z,251.08,NVIDIA,348.61,348.61,0.0,50,0.014891,4.4672,53605.92,0.0,nvml,unavailable,partial_measured,,,,,accelerator_device,True
2026-08-12T13:58:22Z,252.08,NVIDIA,228.53,228.53,0.0,47,0.014954,4.4862,53834.53,0.0,nvml,unavailable,partial_measured,,,,,accelerator_device,True
2026-08-12T13:58:23Z,253.08,NVIDIA,230.01,230.01,0.0,47,0.015018,4.5054,54064.64,0.0,nvml,unavailable,partial_measured,,,,,accelerator_device,True
2026-08-12T13:58:24Z,254.08,NVIDIA,232.39,232.39,0.0,47,0.015083,4.5248,54297.11,0.0,nvml,unavailable,partial_measured,,,,,accelerator_device,True
2026-08-12T13:58:25Z,255.08,NVIDIA,231.72,231.72,0.0,47,0.015147,4.5441,54528.91,0.0,nvml,unavailable,partial_measured,,,,,accelerator_device,True
2026-08-12T13:58:26Z,256.08,NVIDIA,234.36,234.36,0.0,47,0.015212,4.5636,54763.33,0.0,nvml,unavailable,partial_measured,,,,,accelerator_device,True
2026-08-12T13:58:27Z,257.08,NVIDIA,236.28,236.28,0.0,47,0.015278,4.5833,54999.68,0.0,nvml,unavailable,partial_measured,,,,,accelerator_device,True
2026-08-12T13:58:28Z,258.08,NVIDIA,238.34,238.34,0.0,47,0.015344,4.6032,55238.1,0.0,nvml,unavailable,partial_measured,,,,,accelerator_device,True
2026-08-12T13:58:29Z,259.08,NVIDIA,239.66,239.66,0.0,47,0.015411,4.6232,55477.88,0.0,nvml,unavailable,partial_measured,,,,,accelerator_device,True
2026-08-12T13:58:30Z,260.08,NVIDIA,361.37,361.37,0.0,49,0.015511,4.6533,55839.42,0.0,nvml,unavailable,partial_measured,,,,,accelerator_device,True
2026-08-12T13:58:31Z,261.08,NVIDIA,235.57,235.57,0.0,48,0.015576,4.6729,56075.07,0.0,nvml,unavailable,partial_measured,,,,,accelerator_device,True
2026-08-12T13:58:32Z,262.08,NVIDIA,234.75,234.75,0.0,47,0.015642,4.6925,56309.89,0.0,nvml,unavailable,partial_measured,,,,,accelerator_device,True
2026-08-12T13:58:33Z,263.08,NVIDIA,235.7,235.7,0.0,48,0.015707,4.7121,56545.64,0.0,nvml,unavailable,partial_measured,,,,,accelerator_device,True
2026-08-12T13:58:34Z,264.08,NVIDIA,238.59,238.59,0.0,48,0.015773,4.732,56784.3,0.0,nvml,unavailable,partial_measured,,,,,accelerator_device,True
2026-08-12T13:58:35Z,265.08,NVIDIA,241.17,241.17,0.0,47,0.01584,4.7521,57025.55,0.0,nvml,unavailable,partial_measured,,,,,accelerator_device,True
2026-08-12T13:58:36Z,266.08,NVIDIA,240.95,240.95,0.0,48,0.015907,4.7722,57266.6,0.0,nvml,unavailable,partial_measured,,,,,accelerator_device,True
2026-08-12T13:58:37Z,267.08,NVIDIA,242.64,242.64,0.0,47,0.015975,4.7924,57509.3,0.0,nvml,unavailable,partial_measured,,,,,accelerator_device,True
2026-08-12T13:58:38Z,268.08,NVIDIA,273.59,273.59,0.0,48,0.016051,4.8152,57782.94,0.0,nvml,unavailable,partial_measured,,,,,accelerator_device,True
2026-08-12T13:58:39Z,269.08,NVIDIA,359.6,359.6,0.0,48,0.016151,4.8452,58142.65,0.0,nvml,unavailable,partial_measured,,,,,accelerator_device,True
2026-08-12T13:58:40Z,270.08,NVIDIA,233.41,233.41,0.0,48,0.016216,4.8647,58376.11,0.0,nvml,unavailable,partial_measured,,,,,accelerator_device,True
2026-08-12T13:58:41Z,271.08,NVIDIA,235.44,235.44,0.0,48,0.016281,4.8843,58611.62,0.0,nvml,unavailable,partial_measured,,,,,accelerator_device,True
2026-08-12T13:58:42Z,272.08,NVIDIA,235.13,235.13,0.0,47,0.016346,4.9039,58846.83,0.0,nvml,unavailable,partial_measured,,,,,accelerator_device,True
2026-08-12T13:58:43Z,273.08,NVIDIA,236.53,236.53,0.0,48,0.016412,4.9236,59083.42,0.0,nvml,unavailable,partial_measured,,,,,accelerator_device,True
2026-08-12T13:58:44Z,274.08,NVIDIA,239.35,239.35,0.0,48,0.016479,4.9436,59322.82,0.0,nvml,unavailable,partial_measured,,,,,accelerator_device,True
2026-08-12T13:58:45Z,275.08,NVIDIA,241.86,241.86,0.0,48,0.016546,4.9637,59564.75,0.0,nvml,unavailable,partial_measured,,,,,accelerator_device,True
2026-08-12T13:58:46Z,276.08,NVIDIA,243.62,243.62,0.0,48,0.016613,4.984,59808.43,0.0,nvml,unavailable,partial_measured,,,,,accelerator_device,True
2026-08-12T13:58:47Z,277.08,NVIDIA,372.76,372.76,0.0,60,0.016717,5.0151,60181.29,0.0,nvml,unavailable,partial_measured,,,,,accelerator_device,True
2026-08-12T13:58:48Z,278.08,NVIDIA,224.65,224.65,0.0,48,0.016779,5.0338,60406.0,0.0,nvml,unavailable,partial_measured,,,,,accelerator_device,True
2026-08-12T13:58:49Z,279.09,NVIDIA,225.38,225.38,0.0,47,0.016842,5.0526,60631.43,0.0,nvml,unavailable,partial_measured,,,,,accelerator_device,True
2026-08-12T13:58:50Z,280.09,NVIDIA,228.03,228.03,0.0,47,0.016905,5.0716,60859.52,0.0,nvml,unavailable,partial_measured,,,,,accelerator_device,True
2026-08-12T13:58:51Z,281.09,NVIDIA,229.88,229.88,0.0,47,0.016969,5.0908,61089.46,0.0,nvml,unavailable,partial_measured,,,,,accelerator_device,True
2026-08-12T13:58:52Z,282.09,NVIDIA,232.61,232.61,0.0,47,0.017034,5.1102,61322.13,0.0,nvml,unavailable,partial_measured,,,,,accelerator_device,True
2026-08-12T13:58:53Z,283.09,NVIDIA,231.86,231.86,0.0,47,0.017098,5.1295,61554.03,0.0,nvml,unavailable,partial_measured,,,,,accelerator_device,True
2026-08-12T13:58:54Z,284.09,NVIDIA,236.26,236.26,0.0,47,0.017164,5.1492,61790.35,0.0,nvml,unavailable,partial_measured,,,,,accelerator_device,True
2026-08-12T13:58:55Z,285.09,NVIDIA,237.32,237.32,0.0,48,0.01723,5.169,62027.72,0.0,nvml,unavailable,partial_measured,,,,,accelerator_device,True
2026-08-12T13:58:56Z,286.09,NVIDIA,369.93,369.93,0.0,50,0.017333,5.1998,62397.76,0.0,nvml,unavailable,partial_measured,,,,,accelerator_device,True
2026-08-12T13:58:57Z,287.09,NVIDIA,230.86,230.86,0.0,48,0.017397,5.2191,62628.68,0.0,nvml,unavailable,partial_measured,,,,,accelerator_device,True
2026-08-12T13:58:58Z,288.09,NVIDIA,232.14,232.14,0.0,48,0.017461,5.2384,62860.87,0.0,nvml,unavailable,partial_measured,,,,,accelerator_device,True
2026-08-12T13:58:59Z,289.09,NVIDIA,233.75,233.75,0.0,47,0.017526,5.2579,63094.68,0.0,nvml,unavailable,partial_measured,,,,,accelerator_device,True
2026-08-12T13:59:00Z,290.09,NVIDIA,235.88,235.88,0.0,48,0.017592,5.2776,63330.62,0.0,nvml,unavailable,partial_measured,,,,,accelerator_device,True
2026-08-12T13:59:01Z,291.09,NVIDIA,238.93,238.93,0.0,48,0.017658,5.2975,63569.61,0.0,nvml,unavailable,partial_measured,,,,,accelerator_device,True
2026-08-12T13:59:02Z,292.09,NVIDIA,238.31,238.31,0.0,48,0.017724,5.3173,63807.99,0.0,nvml,unavailable,partial_measured,,,,,accelerator_device,True
2026-08-12T13:59:03Z,293.09,NVIDIA,242.26,242.26,0.0,48,0.017792,5.3375,64050.32,0.0,nvml,unavailable,partial_measured,,,,,accelerator_device,True
2026-08-12T13:59:04Z,294.09,NVIDIA,287.19,287.19,0.0,55,0.017872,5.3615,64337.57,0.0,nvml,unavailable,partial_measured,,,,,accelerator_device,True
2026-08-12T13:59:05Z,295.09,NVIDIA,332.39,332.39,0.0,48,0.017964,5.3892,64670.06,0.0,nvml,unavailable,partial_measured,,,,,accelerator_device,True
2026-08-12T13:59:06Z,296.09,NVIDIA,227.4,227.4,0.0,48,0.018027,5.4081,64897.56,0.0,nvml,unavailable,partial_measured,,,,,accelerator_device,True
2026-08-12T13:59:07Z,297.09,NVIDIA,229.36,229.36,0.0,48,0.018091,5.4272,65126.97,0.0,nvml,unavailable,partial_measured,,,,,accelerator_device,True
2026-08-12T13:59:08Z,298.09,NVIDIA,232.65,232.65,0.0,47,0.018155,5.4466,65359.69,0.0,nvml,unavailable,partial_measured,,,,,accelerator_device,True
2026-08-12T13:59:09Z,299.09,NVIDIA,233.18,233.18,0.0,47,0.01822,5.4661,65592.93,0.0,nvml,unavailable,partial_measured,,,,,accelerator_device,True
2026-08-12T13:59:10Z,300.09,NVIDIA,234.15,234.15,0.0,48,0.018285,5.4856,65827.14,0.0,nvml,unavailable,partial_measured,,,,,accelerator_device,True
2026-08-12T13:59:11Z,301.09,NVIDIA,238.82,238.82,0.0,48,0.018352,5.5055,66066.02,0.0,nvml,unavailable,partial_measured,,,,,accelerator_device,True
2026-08-12T13:59:12Z,302.09,NVIDIA,237.5,237.5,0.0,47,0.018418,5.5253,66303.61,0.0,nvml,unavailable,partial_measured,,,,,accelerator_device,True
2026-08-12T13:59:13Z,303.09,NVIDIA,320.28,320.28,0.0,51,0.018507,5.552,66624.04,0.0,nvml,unavailable,partial_measured,,,,,accelerator_device,True
2026-08-12T13:59:14Z,304.09,NVIDIA,198.83,198.83,0.0,46,0.018562,5.5686,66822.93,0.0,nvml,unavailable,partial_measured,,,,,accelerator_device,True
2026-08-12T13:59:15Z,305.09,NVIDIA,198.76,198.76,0.0,46,0.018617,5.5851,67021.74,0.0,nvml,unavailable,partial_measured,,,,,accelerator_device,True
2026-08-12T13:59:16Z,306.09,NVIDIA,200.99,200.99,0.0,46,0.018673,5.6019,67222.82,0.0,nvml,unavailable,partial_measured,,,,,accelerator_device,True
2026-08-12T13:59:17Z,307.09,NVIDIA,202.57,202.57,0.0,46,0.018729,5.6188,67425.43,0.0,nvml,unavailable,partial_measured,,,,,accelerator_device,True
2026-08-12T13:59:18Z,308.09,NVIDIA,203.31,203.31,0.0,46,0.018786,5.6357,67628.79,0.0,nvml,unavailable,partial_measured,,,,,accelerator_device,True
2026-08-12T13:59:19Z,309.09,NVIDIA,205.44,205.44,0.0,46,0.018843,5.6529,67834.3,0.0,nvml,unavailable,partial_measured,,,,,accelerator_device,True
2026-08-12T13:59:20Z,310.09,NVIDIA,208.02,208.02,0.0,46,0.018901,5.6702,68042.41,0.0,nvml,unavailable,partial_measured,,,,,accelerator_device,True
2026-08-12T13:59:21Z,311.09,NVIDIA,309.93,309.93,0.0,52,0.018987,5.696,68352.42,0.0,nvml,unavailable,partial_measured,,,,,accelerator_device,True
2026-08-12T13:59:22Z,312.09,NVIDIA,202.7,202.7,0.0,46,0.019043,5.7129,68555.2,0.0,nvml,unavailable,partial_measured,,,,,accelerator_device,True
2026-08-12T13:59:23Z,313.09,NVIDIA,202.7,202.7,0.0,46,0.019099,5.7298,68757.96,0.0,nvml,unavailable,partial_measured,,,,,accelerator_device,True
2026-08-12T13:59:24Z,314.09,NVIDIA,203.03,203.03,0.0,46,0.019156,5.7468,68961.04,0.0,nvml,unavailable,partial_measured,,,,,accelerator_device,True
2026-08-12T13:59:25Z,315.1,NVIDIA,205.38,205.38,0.0,46,0.019213,5.7639,69166.47,0.0,nvml,unavailable,partial_measured,,,,,accelerator_device,True
2026-08-12T13:59:26Z,316.1,NVIDIA,205.48,205.48,0.0,46,0.01927,5.781,69372.01,0.0,nvml,unavailable,partial_measured,,,,,accelerator_device,True
2026-08-12T13:59:27Z,317.1,NVIDIA,207.75,207.75,0.0,46,0.019328,5.7983,69579.81,0.0,nvml,unavailable,partial_measured,,,,,accelerator_device,True
2026-08-12T13:59:28Z,318.1,NVIDIA,210.01,210.01,0.0,46,0.019386,5.8158,69789.87,0.0,nvml,unavailable,partial_measured,,,,,accelerator_device,True
2026-08-12T13:59:29Z,319.1,NVIDIA,313.17,313.17,0.0,52,0.019473,5.8419,70103.12,0.0,nvml,unavailable,partial_measured,,,,,accelerator_device,True
2026-08-12T13:59:30Z,320.1,NVIDIA,207.84,207.84,0.0,46,0.019531,5.8593,70311.03,0.0,nvml,unavailable,partial_measured,,,,,accelerator_device,True
2026-08-12T13:59:31Z,321.1,NVIDIA,203.32,203.32,0.0,46,0.019587,5.8762,70514.41,0.0,nvml,unavailable,partial_measured,,,,,accelerator_device,True
2026-08-12T13:59:32Z,322.1,NVIDIA,203.54,203.54,0.0,46,0.019644,5.8932,70718.01,0.0,nvml,unavailable,partial_measured,,,,,accelerator_device,True
2026-08-12T13:59:33Z,323.1,NVIDIA,206.02,206.02,0.0,46,0.019701,5.9103,70924.08,0.0,nvml,unavailable,partial_measured,,,,,accelerator_device,True
2026-08-12T13:59:34Z,324.1,NVIDIA,207.83,207.83,0.0,46,0.019759,5.9277,71131.97,0.0,nvml,unavailable,partial_measured,,,,,accelerator_device,True
2026-08-12T13:59:35Z,325.1,NVIDIA,209.21,209.21,0.0,46,0.019817,5.9451,71341.22,0.0,nvml,unavailable,partial_measured,,,,,accelerator_device,True
2026-08-12T13:59:36Z,326.1,NVIDIA,209.85,209.85,0.0,46,0.019875,5.9626,71551.14,0.0,nvml,unavailable,partial_measured,,,,,accelerator_device,True
2026-08-12T13:59:37Z,327.1,NVIDIA,282.1,282.1,0.0,58,0.019954,5.9861,71833.37,0.0,nvml,unavailable,partial_measured,,,,,accelerator_device,True
2026-08-12T13:59:38Z,328.1,NVIDIA,248.23,248.23,0.0,46,0.020023,6.0068,72081.66,0.0,nvml,unavailable,partial_measured,,,,,accelerator_device,True
2026-08-12T13:59:39Z,329.1,NVIDIA,207.48,207.48,0.0,46,0.02008,6.0241,72289.21,0.0,nvml,unavailable,partial_measured,,,,,accelerator_device,True
2026-08-12T13:59:40Z,330.1,NVIDIA,208.55,208.55,0.0,46,0.020138,6.0415,72497.84,0.0,nvml,unavailable,partial_measured,,,,,accelerator_device,True
2026-08-12T13:59:41Z,331.1,NVIDIA,210.9,210.9,0.0,46,0.020197,6.0591,72708.79,0.0,nvml,unavailable,partial_measured,,,,,accelerator_device,True
2026-08-12T13:59:42Z,332.1,NVIDIA,211.98,211.98,0.0,46,0.020256,6.0767,72920.82,0.0,nvml,unavailable,partial_measured,,,,,accelerator_device,True
2026-08-12T13:59:43Z,333.1,NVIDIA,212.77,212.77,0.0,46,0.020315,6.0945,73133.67,0.0,nvml,unavailable,partial_measured,,,,,accelerator_device,True
2026-08-12T13:59:44Z,334.1,NVIDIA,214.39,214.39,0.0,46,0.020374,6.1123,73348.15,0.0,nvml,unavailable,partial_measured,,,,,accelerator_device,True
2026-08-12T13:59:45Z,335.1,NVIDIA,216.9,216.9,0.0,46,0.020435,6.1304,73565.1,0.0,nvml,unavailable,partial_measured,,,,,accelerator_device,True
2026-08-12T13:59:46Z,336.1,NVIDIA,319.7,319.7,0.0,47,0.020524,6.1571,73884.88,0.0,nvml,unavailable,partial_measured,,,,,accelerator_device,True
2026-08-12T13:59:47Z,337.1,NVIDIA,211.5,211.5,0.0,46,0.020582,6.1747,74096.44,0.0,nvml,unavailable,partial_measured,,,,,accelerator_device,True
2026-08-12T13:59:48Z,338.1,NVIDIA,211.75,211.75,0.0,46,0.020641,6.1924,74308.24,0.0,nvml,unavailable,partial_measured,,,,,accelerator_device,True
2026-08-12T13:59:49Z,339.1,NVIDIA,212.45,212.45,0.0,46,0.0207,6.2101,74520.75,0.0,nvml,unavailable,partial_measured,,,,,accelerator_device,True
2026-08-12T13:59:50Z,340.1,NVIDIA,212.92,212.92,0.0,46,0.020759,6.2278,74733.74,0.0,nvml,unavailable,partial_measured,,,,,accelerator_device,True
2026-08-12T13:59:51Z,341.1,NVIDIA,214.99,214.99,0.0,46,0.020819,6.2457,74948.79,0.0,nvml,unavailable,partial_measured,,,,,accelerator_device,True
2026-08-12T13:59:52Z,342.1,NVIDIA,217.95,217.95,0.0,46,0.02088,6.2639,75166.8,0.0,nvml,unavailable,partial_measured,,,,,accelerator_device,True
2026-08-12T13:59:53Z,343.1,NVIDIA,220.01,220.01,0.0,47,0.020941,6.2822,75386.87,0.0,nvml,unavailable,partial_measured,,,,,accelerator_device,True
2026-08-12T13:59:54Z,344.1,NVIDIA,271.39,271.39,0.0,58,0.021016,6.3049,75658.32,0.0,nvml,unavailable,partial_measured,,,,,accelerator_device,True
2026-08-12T13:59:55Z,345.1,NVIDIA,272.5,272.5,0.0,47,0.021092,6.3276,75930.88,0.0,nvml,unavailable,partial_measured,,,,,accelerator_device,True
2026-08-12T13:59:56Z,346.1,NVIDIA,211.24,211.24,0.0,46,0.021151,6.3452,76142.19,0.0,nvml,unavailable,partial_measured,,,,,accelerator_device,True
2026-08-12T13:59:57Z,347.1,NVIDIA,212.11,212.11,0.0,46,0.02121,6.3629,76354.36,0.0,nvml,unavailable,partial_measured,,,,,accelerator_device,True
2026-08-12T13:59:58Z,348.1,NVIDIA,213.38,213.38,0.0,46,0.021269,6.3806,76567.79,0.0,nvml,unavailable,partial_measured,,,,,accelerator_device,True
2026-08-12T13:59:59Z,349.1,NVIDIA,215.07,215.07,0.0,46,0.021329,6.3986,76782.91,0.0,nvml,unavailable,partial_measured,,,,,accelerator_device,True
2026-08-12T14:00:00Z,350.11,NVIDIA,217.36,217.36,0.0,46,0.021389,6.4167,77000.33,0.0,nvml,unavailable,partial_measured,,,,,accelerator_device,True
2026-08-12T14:00:01Z,351.11,NVIDIA,219.94,219.94,0.0,46,0.02145,6.435,77220.34,0.0,nvml,unavailable,partial_measured,,,,,accelerator_device,True
2026-08-12T14:00:02Z,352.11,NVIDIA,219.75,219.75,0.0,47,0.021511,6.4533,77440.18,0.0,nvml,unavailable,partial_measured,,,,,accelerator_device,True
2026-08-12T14:00:03Z,353.11,NVIDIA,349.49,349.49,0.0,48,0.021608,6.4825,77789.76,0.0,nvml,unavailable,partial_measured,,,,,accelerator_device,True
2026-08-12T14:00:04Z,354.11,NVIDIA,217.87,217.87,0.0,47,0.021669,6.5006,78007.7,0.0,nvml,unavailable,partial_measured,,,,,accelerator_device,True
2026-08-12T14:00:05Z,355.11,NVIDIA,219.6,219.6,0.0,47,0.02173,6.5189,78227.36,0.0,nvml,unavailable,partial_measured,,,,,accelerator_device,True
2026-08-12T14:00:06Z,356.11,NVIDIA,222.52,222.52,0.0,47,0.021792,6.5375,78449.94,0.0,nvml,unavailable,partial_measured,,,,,accelerator_device,True
2026-08-12T14:00:07Z,357.11,NVIDIA,225.86,225.86,0.0,47,0.021854,6.5563,78675.86,0.0,nvml,unavailable,partial_measured,,,,,accelerator_device,True
2026-08-12T14:00:08Z,358.11,NVIDIA,228.8,228.8,0.0,47,0.021918,6.5754,78904.72,0.0,nvml,unavailable,partial_measured,,,,,accelerator_device,True
2026-08-12T14:00:09Z,359.11,NVIDIA,230.87,230.87,0.0,47,0.021982,6.5946,79135.67,0.0,nvml,unavailable,partial_measured,,,,,accelerator_device,True
2026-08-12T14:00:10Z,360.11,NVIDIA,231.07,231.07,0.0,47,0.022046,6.6139,79366.8,0.0,nvml,unavailable,partial_measured,,,,,accelerator_device,True
2026-08-12T14:00:11Z,361.11,NVIDIA,233.59,233.59,0.0,47,0.022111,6.6334,79600.44,0.0,nvml,unavailable,partial_measured,,,,,accelerator_device,True
2026-08-12T14:00:12Z,362.11,NVIDIA,362.14,362.14,0.0,48,0.022212,6.6636,79962.69,0.0,nvml,unavailable,partial_measured,,,,,accelerator_device,True
2026-08-12T14:00:13Z,363.11,NVIDIA,228.36,228.36,0.0,47,0.022275,6.6826,80191.11,0.0,nvml,unavailable,partial_measured,,,,,accelerator_device,True
2026-08-12T14:00:14Z,364.11,NVIDIA,228.87,228.87,0.0,47,0.022339,6.7017,80420.04,0.0,nvml,unavailable,partial_measured,,,,,accelerator_device,True
2026-08-12T14:00:15Z,365.11,NVIDIA,228.73,228.73,0.0,47,0.022402,6.7207,80648.83,0.0,nvml,unavailable,partial_measured,,,,,accelerator_device,True
2026-08-12T14:00:16Z,366.11,NVIDIA,230.51,230.51,0.0,47,0.022466,6.7399,80879.39,0.0,nvml,unavailable,partial_measured,,,,,accelerator_device,True
2026-08-12T14:00:17Z,367.11,NVIDIA,232.73,232.73,0.0,47,0.022531,6.7593,81112.18,0.0,nvml,unavailable,partial_measured,,,,,accelerator_device,True
2026-08-12T14:00:18Z,368.11,NVIDIA,234.15,234.15,0.0,47,0.022596,6.7789,81346.4,0.0,nvml,unavailable,partial_measured,,,,,accelerator_device,True
2026-08-12T14:00:19Z,369.11,NVIDIA,235.74,235.74,0.0,47,0.022662,6.7985,81582.21,0.0,nvml,unavailable,partial_measured,,,,,accelerator_device,True
2026-08-12T14:00:20Z,370.11,NVIDIA,368.46,368.46,0.0,52,0.022764,6.8292,81950.77,0.0,nvml,unavailable,partial_measured,,,,,accelerator_device,True
2026-08-12T14:00:21Z,371.11,NVIDIA,224.75,224.75,0.0,47,0.022827,6.848,82175.59,0.0,nvml,unavailable,partial_measured,,,,,accelerator_device,True
2026-08-12T14:00:22Z,372.11,NVIDIA,226.33,226.33,0.0,47,0.022889,6.8668,82402.0,0.0,nvml,unavailable,partial_measured,,,,,accelerator_device,True
2026-08-12T14:00:23Z,373.11,NVIDIA,228.84,228.84,0.0,47,0.022953,6.8859,82630.89,0.0,nvml,unavailable,partial_measured,,,,,accelerator_device,True
2026-08-12T14:00:24Z,374.11,NVIDIA,228.37,228.37,0.0,47,0.023016,6.9049,82859.32,0.0,nvml,unavailable,partial_measured,,,,,accelerator_device,True
2026-08-12T14:00:25Z,375.11,NVIDIA,228.92,228.92,0.0,47,0.02308,6.924,83088.33,0.0,nvml,unavailable,partial_measured,,,,,accelerator_device,True
2026-08-12T14:00:26Z,376.11,NVIDIA,233.43,233.43,0.0,47,0.023145,6.9435,83321.83,0.0,nvml,unavailable,partial_measured,,,,,accelerator_device,True
2026-08-12T14:00:27Z,377.11,NVIDIA,234.23,234.23,0.0,47,0.02321,6.963,83556.12,0.0,nvml,unavailable,partial_measured,,,,,accelerator_device,True
2026-08-12T14:00:28Z,378.11,NVIDIA,234.82,234.82,0.0,48,0.023275,6.9826,83791.0,0.0,nvml,unavailable,partial_measured,,,,,accelerator_device,True
2026-08-12T14:00:29Z,379.11,NVIDIA,336.77,336.77,0.0,48,0.023369,7.0107,84127.87,0.0,nvml,unavailable,partial_measured,,,,,accelerator_device,True
2026-08-12T14:00:30Z,380.11,NVIDIA,213.34,213.34,0.0,47,0.023428,7.0284,84341.26,0.0,nvml,unavailable,partial_measured,,,,,accelerator_device,True
2026-08-12T14:00:31Z,381.11,NVIDIA,215.63,215.63,0.0,47,0.023488,7.0464,84556.94,0.0,nvml,unavailable,partial_measured,,,,,accelerator_device,True
2026-08-12T14:00:32Z,382.11,NVIDIA,216.85,216.85,0.0,47,0.023548,7.0645,84773.84,0.0,nvml,unavailable,partial_measured,,,,,accelerator_device,True
2026-08-12T14:00:33Z,383.11,NVIDIA,220.42,220.42,0.0,47,0.02361,7.0829,84994.33,0.0,nvml,unavailable,partial_measured,,,,,accelerator_device,True
2026-08-12T14:00:34Z,384.11,NVIDIA,220.55,220.55,0.0,47,0.023671,7.1012,85214.93,0.0,nvml,unavailable,partial_measured,,,,,accelerator_device,True
2026-08-12T14:00:35Z,385.11,NVIDIA,220.72,220.72,0.0,47,0.023732,7.1196,85435.7,0.0,nvml,unavailable,partial_measured,,,,,accelerator_device,True
2026-08-12T14:00:36Z,386.11,NVIDIA,223.79,223.79,0.0,47,0.023794,7.1383,85659.53,0.0,nvml,unavailable,partial_measured,,,,,accelerator_device,True
2026-08-12T14:00:37Z,387.12,NVIDIA,333.96,333.96,0.0,56,0.023887,7.1661,85993.57,0.0,nvml,unavailable,partial_measured,,,,,accelerator_device,True
2026-08-12T14:00:38Z,388.12,NVIDIA,228.92,228.92,0.0,47,0.023951,7.1852,86222.54,0.0,nvml,unavailable,partial_measured,,,,,accelerator_device,True
2026-08-12T14:00:39Z,389.12,NVIDIA,217.47,217.47,0.0,47,0.024011,7.2033,86440.07,0.0,nvml,unavailable,partial_measured,,,,,accelerator_device,True
2026-08-12T14:00:40Z,390.12,NVIDIA,218.4,218.4,0.0,47,0.024072,7.2215,86658.55,0.0,nvml,unavailable,partial_measured,,,,,accelerator_device,True
2026-08-12T14:00:41Z,391.12,NVIDIA,219.26,219.26,0.0,47,0.024133,7.2398,86877.87,0.0,nvml,unavailable,partial_measured,,,,,accelerator_device,True
2026-08-12T14:00:42Z,392.12,NVIDIA,221.55,221.55,0.0,47,0.024194,7.2583,87099.48,0.0,nvml,unavailable,partial_measured,,,,,accelerator_device,True
2026-08-12T14:00:43Z,393.12,NVIDIA,221.85,221.85,0.0,47,0.024256,7.2768,87321.38,0.0,nvml,unavailable,partial_measured,,,,,accelerator_device,True
2026-08-12T14:00:44Z,394.12,NVIDIA,227.07,227.07,0.0,47,0.024319,7.2957,87548.5,0.0,nvml,unavailable,partial_measured,,,,,accelerator_device,True
2026-08-12T14:00:45Z,395.12,NVIDIA,225.09,225.09,0.0,47,0.024382,7.3145,87773.66,0.0,nvml,unavailable,partial_measured,,,,,accelerator_device,True
2026-08-12T14:00:46Z,396.12,NVIDIA,336.54,336.54,0.0,48,0.024475,7.3425,88110.28,0.0,nvml,unavailable,partial_measured,,,,,accelerator_device,True
2026-08-12T14:00:47Z,397.12,NVIDIA,217.94,217.94,0.0,47,0.024536,7.3607,88328.3,0.0,nvml,unavailable,partial_measured,,,,,accelerator_device,True
2026-08-12T14:00:48Z,398.12,NVIDIA,218.07,218.07,0.0,47,0.024596,7.3789,88546.41,0.0,nvml,unavailable,partial_measured,,,,,accelerator_device,True
2026-08-12T14:00:49Z,399.12,NVIDIA,218.22,218.22,0.0,47,0.024657,7.3971,88764.71,0.0,nvml,unavailable,partial_measured,,,,,accelerator_device,True
2026-08-12T14:00:50Z,400.12,NVIDIA,220.1,220.1,0.0,47,0.024718,7.4154,88984.84,0.0,nvml,unavailable,partial_measured,,,,,accelerator_device,True
2026-08-12T14:00:51Z,401.12,NVIDIA,220.48,220.48,0.0,47,0.024779,7.4338,89205.39,0.0,nvml,unavailable,partial_measured,,,,,accelerator_device,True
2026-08-12T14:00:52Z,402.12,NVIDIA,223.99,223.99,0.0,47,0.024842,7.4525,89429.43,0.0,nvml,unavailable,partial_measured,,,,,accelerator_device,True
2026-08-12T14:00:53Z,403.12,NVIDIA,225.98,225.98,0.0,47,0.024904,7.4713,89655.5,0.0,nvml,unavailable,partial_measured,,,,,accelerator_device,True
2026-08-12T14:00:54Z,404.12,NVIDIA,282.8,282.8,0.0,57,0.024983,7.4949,89938.37,0.0,nvml,unavailable,partial_measured,,,,,accelerator_device,True
2026-08-12T14:00:55Z,405.12,NVIDIA,282.16,282.16,0.0,47,0.025061,7.5184,90220.6,0.0,nvml,unavailable,partial_measured,,,,,accelerator_device,True
2026-08-12T14:00:56Z,406.12,NVIDIA,215.99,215.99,0.0,47,0.025121,7.5364,90436.65,0.0,nvml,unavailable,partial_measured,,,,,accelerator_device,True
2026-08-12T14:00:57Z,407.12,NVIDIA,218.13,218.13,0.0,47,0.025182,7.5546,90654.84,0.0,nvml,unavailable,partial_measured,,,,,accelerator_device,True
2026-08-12T14:00:58Z,408.12,NVIDIA,220.78,220.78,0.0,47,0.025243,7.573,90875.69,0.0,nvml,unavailable,partial_measured,,,,,accelerator_device,True
2026-08-12T14:00:59Z,409.12,NVIDIA,222.44,222.44,0.0,47,0.025305,7.5915,91098.2,0.0,nvml,unavailable,partial_measured,,,,,accelerator_device,True
2026-08-12T14:01:00Z,410.12,NVIDIA,223.5,223.5,0.0,47,0.025367,7.6101,91321.75,0.0,nvml,unavailable,partial_measured,,,,,accelerator_device,True
2026-08-12T14:01:01Z,411.12,NVIDIA,225.04,225.04,0.0,47,0.02543,7.6289,91546.84,0.0,nvml,unavailable,partial_measured,,,,,accelerator_device,True
2026-08-12T14:01:02Z,412.12,NVIDIA,227.18,227.18,0.0,47,0.025493,7.6478,91774.07,0.0,nvml,unavailable,partial_measured,,,,,accelerator_device,True
2026-08-12T14:01:03Z,413.12,NVIDIA,336.59,336.59,0.0,47,0.025586,7.6759,92110.77,0.0,nvml,unavailable,partial_measured,,,,,accelerator_device,True
2026-08-12T14:01:04Z,414.12,NVIDIA,218.53,218.53,0.0,47,0.025647,7.6941,92329.36,0.0,nvml,unavailable,partial_measured,,,,,accelerator_device,True
2026-08-12T14:01:05Z,415.12,NVIDIA,219.93,219.93,0.0,47,0.025708,7.7124,92549.35,0.0,nvml,unavailable,partial_measured,,,,,accelerator_device,True
2026-08-12T14:01:06Z,416.12,NVIDIA,219.02,219.02,0.0,47,0.025769,7.7307,92768.44,0.0,nvml,unavailable,partial_measured,,,,,accelerator_device,True
2026-08-12T14:01:07Z,417.12,NVIDIA,222.21,222.21,0.0,47,0.025831,7.7492,92990.71,0.0,nvml,unavailable,partial_measured,,,,,accelerator_device,True
2026-08-12T14:01:08Z,418.12,NVIDIA,222.51,222.51,0.0,47,0.025893,7.7678,93213.28,0.0,nvml,unavailable,partial_measured,,,,,accelerator_device,True
2026-08-12T14:01:09Z,419.12,NVIDIA,224.32,224.32,0.0,47,0.025955,7.7865,93437.65,0.0,nvml,unavailable,partial_measured,,,,,accelerator_device,True
2026-08-12T14:01:10Z,420.12,NVIDIA,226.36,226.36,0.0,47,0.026018,7.8053,93664.07,0.0,nvml,unavailable,partial_measured,,,,,accelerator_device,True
2026-08-12T14:01:11Z,421.12,NVIDIA,342.97,342.97,0.0,52,0.026113,7.8339,94007.15,0.0,nvml,unavailable,partial_measured,,,,,accelerator_device,True
2026-08-12T14:01:12Z,422.12,NVIDIA,220.44,220.44,0.0,47,0.026174,7.8523,94227.64,0.0,nvml,unavailable,partial_measured,,,,,accelerator_device,True
2026-08-12T14:01:13Z,423.12,NVIDIA,222.36,222.36,0.0,47,0.026236,7.8708,94450.06,0.0,nvml,unavailable,partial_measured,,,,,accelerator_device,True
2026-08-12T14:01:14Z,424.13,NVIDIA,223.1,223.1,0.0,47,0.026298,7.8894,94673.2,0.0,nvml,unavailable,partial_measured,,,,,accelerator_device,True
2026-08-12T14:01:15Z,425.13,NVIDIA,225.35,225.35,0.0,47,0.026361,7.9082,94898.61,0.0,nvml,unavailable,partial_measured,,,,,accelerator_device,True
2026-08-12T14:01:16Z,426.13,NVIDIA,225.86,225.86,0.0,47,0.026423,7.927,95124.55,0.0,nvml,unavailable,partial_measured,,,,,accelerator_device,True
2026-08-12T14:01:17Z,427.13,NVIDIA,229.07,229.07,0.0,47,0.026487,7.9461,95353.69,0.0,nvml,unavailable,partial_measured,,,,,accelerator_device,True
2026-08-12T14:01:18Z,428.13,NVIDIA,230.43,230.43,0.0,47,0.026551,7.9654,95584.2,0.0,nvml,unavailable,partial_measured,,,,,accelerator_device,True
2026-08-12T14:01:19Z,429.13,NVIDIA,247.52,247.52,0.0,48,0.02662,7.986,95831.78,0.0,nvml,unavailable,partial_measured,,,,,accelerator_device,True
2026-08-12T14:01:20Z,430.13,NVIDIA,240.22,240.22,0.0,49,0.026687,8.006,96072.07,0.0,nvml,unavailable,partial_measured,,,,,accelerator_device,True
2026-08-12T14:01:21Z,431.13,NVIDIA,224.88,224.88,0.0,50,0.026749,8.0247,96296.99,0.0,nvml,unavailable,partial_measured,,,,,accelerator_device,True
2026-08-12T14:01:22Z,432.13,NVIDIA,222.71,222.71,0.0,51,0.026811,8.0433,96519.76,0.0,nvml,unavailable,partial_measured,,,,,accelerator_device,True
2026-08-12T14:01:23Z,433.13,NVIDIA,228.76,228.76,0.0,53,0.026875,8.0624,96748.58,0.0,nvml,unavailable,partial_measured,,,,,accelerator_device,True
2026-08-12T14:01:24Z,434.13,NVIDIA,236.03,236.03,0.0,54,0.02694,8.0821,96984.67,0.0,nvml,unavailable,partial_measured,,,,,accelerator_device,True
2026-08-12T14:01:25Z,435.13,NVIDIA,239.34,239.34,0.0,46,0.027007,8.102,97224.08,0.0,nvml,unavailable,partial_measured,,,,,accelerator_device,True
2026-08-12T14:01:26Z,436.13,NVIDIA,226.06,226.06,0.0,46,0.027069,8.1208,97450.19,0.0,nvml,unavailable,partial_measured,,,,,accelerator_device,True
2026-08-12T14:01:27Z,437.13,NVIDIA,212.47,212.47,0.0,45,0.027129,8.1386,97662.7,0.0,nvml,unavailable,partial_measured,,,,,accelerator_device,True
2026-08-12T14:01:28Z,438.13,NVIDIA,231.03,231.03,0.0,46,0.027193,8.1578,97893.78,0.0,nvml,unavailable,partial_measured,,,,,accelerator_device,True
2026-08-12T14:01:29Z,439.13,NVIDIA,208.86,208.86,0.0,45,0.027251,8.1752,98102.69,0.0,nvml,unavailable,partial_measured,,,,,accelerator_device,True
2026-08-12T14:01:30Z,440.13,NVIDIA,267.62,267.62,0.0,48,0.027325,8.1975,98370.38,0.0,nvml,unavailable,partial_measured,,,,,accelerator_device,True
2026-08-12T14:01:31Z,441.13,NVIDIA,262.86,262.86,0.0,47,0.027398,8.2194,98633.31,0.0,nvml,unavailable,partial_measured,,,,,accelerator_device,True
2026-08-12T14:01:32Z,442.13,NVIDIA,275.49,275.49,0.0,48,0.027475,8.2424,98908.88,0.0,nvml,unavailable,partial_measured,,,,,accelerator_device,True
2026-08-12T14:01:33Z,443.13,NVIDIA,277.28,277.28,0.0,47,0.027552,8.2655,99186.23,0.0,nvml,unavailable,partial_measured,,,,,accelerator_device,True
2026-08-12T14:01:34Z,444.13,NVIDIA,251.84,251.84,0.0,46,0.027622,8.2865,99438.12,0.0,nvml,unavailable,partial_measured,,,,,accelerator_device,True
2026-08-12T14:01:35Z,445.13,NVIDIA,345.68,345.68,0.0,52,0.027718,8.3153,99783.88,0.0,nvml,unavailable,partial_measured,,,,,accelerator_device,True
2026-08-12T14:01:36Z,446.13,NVIDIA,220.4,220.4,0.0,46,0.027779,8.3337,100004.35,0.0,nvml,unavailable,partial_measured,,,,,accelerator_device,True
2026-08-12T14:01:37Z,447.13,NVIDIA,268.03,268.03,0.0,56,0.027853,8.356,100272.44,0.0,nvml,unavailable,partial_measured,,,,,accelerator_device,True
2026-08-12T14:01:38Z,448.13,NVIDIA,245.68,245.68,0.0,47,0.027922,8.3765,100518.18,0.0,nvml,unavailable,partial_measured,,,,,accelerator_device,True
2026-08-12T14:01:39Z,449.13,NVIDIA,259.65,259.65,0.0,47,0.027994,8.3982,100777.91,0.0,nvml,unavailable,partial_measured,,,,,accelerator_device,True
2026-08-12T14:01:40Z,450.13,NVIDIA,328.05,328.05,0.0,56,0.028085,8.4255,101106.04,0.0,nvml,unavailable,partial_measured,,,,,accelerator_device,True
2026-08-12T14:01:41Z,451.13,NVIDIA,183.16,183.16,0.0,46,0.028136,8.4408,101289.51,0.0,nvml,unavailable,partial_measured,,,,,accelerator_device,True
2026-08-12T14:01:42Z,452.13,NVIDIA,330.64,330.64,0.0,51,0.028228,8.4684,101620.24,0.0,nvml,unavailable,partial_measured,,,,,accelerator_device,True
2026-08-12T14:01:43Z,453.13,NVIDIA,242.23,242.23,0.0,47,0.028295,8.4885,101862.54,0.0,nvml,unavailable,partial_measured,,,,,accelerator_device,True
2026-08-12T14:01:44Z,454.13,NVIDIA,249.65,249.65,0.0,49,0.028365,8.5094,102112.25,0.0,nvml,unavailable,partial_measured,,,,,accelerator_device,True
2026-08-12T14:01:45Z,455.13,NVIDIA,249.75,249.75,0.0,47,0.028434,8.5302,102362.08,0.0,nvml,unavailable,partial_measured,,,,,accelerator_device,True
2026-08-12T14:01:46Z,456.13,NVIDIA,239.94,239.94,0.0,46,0.028501,8.5502,102602.08,0.0,nvml,unavailable,partial_measured,,,,,accelerator_device,True
2026-08-12T14:01:47Z,457.14,NVIDIA,254.89,254.89,0.0,47,0.028571,8.5714,102857.05,0.0,nvml,unavailable,partial_measured,,,,,accelerator_device,True
2026-08-12T14:01:48Z,458.14,NVIDIA,278.61,278.61,0.0,51,0.028649,8.5946,103135.74,0.0,nvml,unavailable,partial_measured,,,,,accelerator_device,True
2026-08-12T14:01:49Z,459.14,NVIDIA,192.8,192.8,0.0,46,0.028702,8.6107,103328.59,0.0,nvml,unavailable,partial_measured,,,,,accelerator_device,True
2026-08-12T14:01:50Z,460.14,NVIDIA,284.35,284.35,0.0,52,0.028781,8.6344,103613.01,0.0,nvml,unavailable,partial_measured,,,,,accelerator_device,True
2026-08-12T14:01:51Z,461.14,NVIDIA,246.37,246.37,0.0,47,0.02885,8.655,103859.43,0.0,nvml,unavailable,partial_measured,,,,,accelerator_device,True
2026-08-12T14:01:52Z,462.14,NVIDIA,260.39,260.39,0.0,47,0.028922,8.6767,104119.88,0.0,nvml,unavailable,partial_measured,,,,,accelerator_device,True
2026-08-12T14:01:53Z,463.14,NVIDIA,325.63,325.63,0.0,57,0.029013,8.7038,104445.58,0.0,nvml,unavailable,partial_measured,,,,,accelerator_device,True
2026-08-12T14:01:54Z,464.14,NVIDIA,195.09,195.09,0.0,46,0.029067,8.7201,104640.72,0.0,nvml,unavailable,partial_measured,,,,,accelerator_device,True
2026-08-12T14:01:55Z,465.14,NVIDIA,182.53,182.53,0.0,46,0.029118,8.7353,104823.32,0.0,nvml,unavailable,partial_measured,,,,,accelerator_device,True
2026-08-12T14:01:56Z,466.14,NVIDIA,183.25,183.25,0.0,46,0.029169,8.7506,105006.62,0.0,nvml,unavailable,partial_measured,,,,,accelerator_device,True
2026-08-12T14:01:57Z,467.14,NVIDIA,183.58,183.58,0.0,45,0.02922,8.7659,105190.25,0.0,nvml,unavailable,partial_measured,,,,,accelerator_device,True
2026-08-12T14:01:58Z,468.14,NVIDIA,184.84,184.84,0.0,45,0.029271,8.7813,105375.13,0.0,nvml,unavailable,partial_measured,,,,,accelerator_device,True
2026-08-12T14:01:59Z,469.14,NVIDIA,257.84,257.84,0.0,50,0.029343,8.8028,105633.04,0.0,nvml,unavailable,partial_measured,,,,,accelerator_device,True
2026-08-12T14:02:00Z,470.14,NVIDIA,181.61,181.61,0.0,46,0.029393,8.8179,105814.69,0.0,nvml,unavailable,partial_measured,,,,,accelerator_device,True
2026-08-12T14:02:01Z,471.14,NVIDIA,183.43,183.43,0.0,45,0.029444,8.8332,105998.18,0.0,nvml,unavailable,partial_measured,,,,,accelerator_device,True
2026-08-12T14:02:02Z,472.14,NVIDIA,185.3,185.3,0.0,45,0.029495,8.8486,106183.56,0.0,nvml,unavailable,partial_measured,,,,,accelerator_device,True
2026-08-12T14:02:03Z,473.14,NVIDIA,187.41,187.41,0.0,45,0.029548,8.8643,106371.02,0.0,nvml,unavailable,partial_measured,,,,,accelerator_device,True
2026-08-12T14:02:04Z,474.14,NVIDIA,188.25,188.25,0.0,45,0.0296,8.8799,106559.32,0.0,nvml,unavailable,partial_measured,,,,,accelerator_device,True
2026-08-12T14:02:05Z,475.14,NVIDIA,258.19,258.19,0.0,47,0.029672,8.9015,106817.59,0.0,nvml,unavailable,partial_measured,,,,,accelerator_device,True
2026-08-12T14:02:06Z,476.14,NVIDIA,179.68,179.68,0.0,45,0.029721,8.9164,106997.33,0.0,nvml,unavailable,partial_measured,,,,,accelerator_device,True
2026-08-12T14:02:07Z,477.14,NVIDIA,179.91,179.91,0.0,45,0.029771,8.9314,107177.28,0.0,nvml,unavailable,partial_measured,,,,,accelerator_device,True
2026-08-12T14:02:08Z,478.14,NVIDIA,181.5,181.5,0.0,45,0.029822,8.9466,107358.84,0.0,nvml,unavailable,partial_measured,,,,,accelerator_device,True
2026-08-12T14:02:09Z,479.14,NVIDIA,182.84,182.84,0.0,45,0.029873,8.9618,107541.75,0.0,nvml,unavailable,partial_measured,,,,,accelerator_device,True
2026-08-12T14:02:10Z,480.14,NVIDIA,183.94,183.94,0.0,45,0.029924,8.9771,107725.74,0.0,nvml,unavailable,partial_measured,,,,,accelerator_device,True
2026-08-12T14:02:11Z,481.14,NVIDIA,253.33,253.33,0.0,56,0.029994,8.9983,107979.14,0.0,nvml,unavailable,partial_measured,,,,,accelerator_device,True
2026-08-12T14:02:12Z,482.14,NVIDIA,213.69,213.69,0.0,45,0.030054,9.0161,108192.89,0.0,nvml,unavailable,partial_measured,,,,,accelerator_device,True
2026-08-12T14:02:13Z,483.14,NVIDIA,189.52,189.52,0.0,45,0.030106,9.0319,108382.45,0.0,nvml,unavailable,partial_measured,,,,,accelerator_device,True
2026-08-12T14:02:14Z,484.14,NVIDIA,189.67,189.67,0.0,45,0.030159,9.0477,108572.17,0.0,nvml,unavailable,partial_measured,,,,,accelerator_device,True
2026-08-12T14:02:15Z,485.14,NVIDIA,191.34,191.34,0.0,45,0.030212,9.0636,108763.56,0.0,nvml,unavailable,partial_measured,,,,,accelerator_device,True
2026-08-12T14:02:16Z,486.14,NVIDIA,192.78,192.78,0.0,45,0.030266,9.0797,108956.39,0.0,nvml,unavailable,partial_measured,,,,,accelerator_device,True
2026-08-12T14:02:17Z,487.14,NVIDIA,193.41,193.41,0.0,45,0.030319,9.0958,109149.84,0.0,nvml,unavailable,partial_measured,,,,,accelerator_device,True
2026-08-12T14:02:18Z,488.14,NVIDIA,282.51,282.51,0.0,47,0.030398,9.1194,109432.43,0.0,nvml,unavailable,partial_measured,,,,,accelerator_device,True
2026-08-12T14:02:19Z,489.14,NVIDIA,191.29,191.29,0.0,45,0.030451,9.1353,109623.77,0.0,nvml,unavailable,partial_measured,,,,,accelerator_device,True
2026-08-12T14:02:20Z,490.14,NVIDIA,193.64,193.64,0.0,45,0.030505,9.1515,109817.47,0.0,nvml,unavailable,partial_measured,,,,,accelerator_device,True
2026-08-12T14:02:21Z,491.14,NVIDIA,194.98,194.98,0.0,45,0.030559,9.1677,110012.5,0.0,nvml,unavailable,partial_measured,,,,,accelerator_device,True
2026-08-12T14:02:22Z,492.14,NVIDIA,195.15,195.15,0.0,45,0.030613,9.184,110207.69,0.0,nvml,unavailable,partial_measured,,,,,accelerator_device,True
2026-08-12T14:02:23Z,493.14,NVIDIA,197.28,197.28,0.0,45,0.030668,9.2004,110405.02,0.0,nvml,unavailable,partial_measured,,,,,accelerator_device,True
2026-08-12T14:02:24Z,494.15,NVIDIA,284.2,284.2,0.0,48,0.030747,9.2241,110689.3,0.0,nvml,unavailable,partial_measured,,,,,accelerator_device,True
2026-08-12T14:02:25Z,495.15,NVIDIA,189.22,189.22,0.0,45,0.0308,9.2399,110878.57,0.0,nvml,unavailable,partial_measured,,,,,accelerator_device,True
2026-08-12T14:02:26Z,496.15,NVIDIA,190.39,190.39,0.0,45,0.030853,9.2558,111069.02,0.0,nvml,unavailable,partial_measured,,,,,accelerator_device,True
2026-08-12T14:02:27Z,497.15,NVIDIA,192.13,192.13,0.0,45,0.030906,9.2718,111261.2,0.0,nvml,unavailable,partial_measured,,,,,accelerator_device,True
2026-08-12T14:02:28Z,498.15,NVIDIA,192.77,192.77,0.0,45,0.030959,9.2878,111454.01,0.0,nvml,unavailable,partial_measured,,,,,accelerator_device,True
2026-08-12T14:02:29Z,499.15,NVIDIA,195.06,195.06,0.0,45,0.031014,9.3041,111649.12,0.0,nvml,unavailable,partial_measured,,,,,accelerator_device,True
2026-08-12T14:02:30Z,500.15,NVIDIA,305.51,305.51,0.0,58,0.031099,9.3296,111954.72,0.0,nvml,unavailable,partial_measured,,,,,accelerator_device,True
2026-08-12T14:02:31Z,501.15,NVIDIA,207.79,207.79,0.0,46,0.031156,9.3469,112162.57,0.0,nvml,unavailable,partial_measured,,,,,accelerator_device,True
2026-08-12T14:02:32Z,502.15,NVIDIA,207.15,207.15,0.0,46,0.031214,9.3641,112369.77,0.0,nvml,unavailable,partial_measured,,,,,accelerator_device,True
2026-08-12T14:02:33Z,503.15,NVIDIA,210.89,210.89,0.0,46,0.031272,9.3817,112580.7,0.0,nvml,unavailable,partial_measured,,,,,accelerator_device,True
2026-08-12T14:02:34Z,504.15,NVIDIA,210.74,210.74,0.0,46,0.031331,9.3993,112791.49,0.0,nvml,unavailable,partial_measured,,,,,accelerator_device,True
2026-08-12T14:02:35Z,505.15,NVIDIA,211.92,211.92,0.0,46,0.03139,9.417,113003.47,0.0,nvml,unavailable,partial_measured,,,,,accelerator_device,True
2026-08-12T14:02:36Z,506.15,NVIDIA,213.73,213.73,0.0,46,0.031449,9.4348,113217.26,0.0,nvml,unavailable,partial_measured,,,,,accelerator_device,True
2026-08-12T14:02:37Z,507.15,NVIDIA,331.9,331.9,0.0,60,0.031541,9.4624,113549.24,0.0,nvml,unavailable,partial_measured,,,,,accelerator_device,True
2026-08-12T14:02:38Z,508.15,NVIDIA,213.75,213.75,0.0,46,0.031601,9.4803,113763.05,0.0,nvml,unavailable,partial_measured,,,,,accelerator_device,True
2026-08-12T14:02:39Z,509.15,NVIDIA,213.79,213.79,0.0,46,0.03166,9.4981,113976.94,0.0,nvml,unavailable,partial_measured,,,,,accelerator_device,True
2026-08-12T14:02:40Z,510.15,NVIDIA,217.01,217.01,0.0,46,0.031721,9.5162,114194.0,0.0,nvml,unavailable,partial_measured,,,,,accelerator_device,True
2026-08-12T14:02:41Z,511.15,NVIDIA,218.81,218.81,0.0,46,0.031781,9.5344,114412.91,0.0,nvml,unavailable,partial_measured,,,,,accelerator_device,True
2026-08-12T14:02:42Z,512.15,NVIDIA,220.02,220.02,0.0,46,0.031842,9.5527,114632.99,0.0,nvml,unavailable,partial_measured,,,,,accelerator_device,True
2026-08-12T14:02:43Z,513.15,NVIDIA,229.97,229.97,0.0,47,0.031906,9.5719,114863.01,0.0,nvml,unavailable,partial_measured,,,,,accelerator_device,True
2026-08-12T14:02:44Z,514.15,NVIDIA,324.33,324.33,0.0,47,0.031997,9.599,115187.42,0.0,nvml,unavailable,partial_measured,,,,,accelerator_device,True
2026-08-12T14:02:45Z,515.15,NVIDIA,215.48,215.48,0.0,46,0.032056,9.6169,115402.98,0.0,nvml,unavailable,partial_measured,,,,,accelerator_device,True
2026-08-12T14:02:46Z,516.15,NVIDIA,216.01,216.01,0.0,46,0.032116,9.6349,115619.04,0.0,nvml,unavailable,partial_measured,,,,,accelerator_device,True
2026-08-12T14:02:47Z,517.15,NVIDIA,216.0,216.0,0.0,46,0.032176,9.6529,115835.1,0.0,nvml,unavailable,partial_measured,,,,,accelerator_device,True
2026-08-12T14:02:48Z,518.15,NVIDIA,217.7,217.7,0.0,46,0.032237,9.6711,116052.87,0.0,nvml,unavailable,partial_measured,,,,,accelerator_device,True
2026-08-12T14:02:49Z,519.15,NVIDIA,221.62,221.62,0.0,47,0.032298,9.6895,116274.55,0.0,nvml,unavailable,partial_measured,,,,,accelerator_device,True
2026-08-12T14:02:50Z,520.15,NVIDIA,318.03,318.03,0.0,48,0.032387,9.7161,116592.66,0.0,nvml,unavailable,partial_measured,,,,,accelerator_device,True
2026-08-12T14:02:51Z,521.15,NVIDIA,207.84,207.84,0.0,46,0.032445,9.7334,116800.56,0.0,nvml,unavailable,partial_measured,,,,,accelerator_device,True
2026-08-12T14:02:52Z,522.15,NVIDIA,209.22,209.22,0.0,46,0.032503,9.7508,117009.87,0.0,nvml,unavailable,partial_measured,,,,,accelerator_device,True
2026-08-12T14:02:53Z,523.15,NVIDIA,210.13,210.13,0.0,46,0.032561,9.7683,117220.06,0.0,nvml,unavailable,partial_measured,,,,,accelerator_device,True
2026-08-12T14:02:54Z,524.15,NVIDIA,213.95,213.95,0.0,46,0.032621,9.7862,117434.07,0.0,nvml,unavailable,partial_measured,,,,,accelerator_device,True
2026-08-12T14:02:55Z,525.15,NVIDIA,213.71,213.71,0.0,46,0.03268,9.804,117647.86,0.0,nvml,unavailable,partial_measured,,,,,accelerator_device,True
2026-08-12T14:02:56Z,526.15,NVIDIA,219.17,219.17,0.0,46,0.032741,9.8223,117867.1,0.0,nvml,unavailable,partial_measured,,,,,accelerator_device,True
2026-08-12T14:02:57Z,527.15,NVIDIA,318.01,318.01,0.0,47,0.032829,9.8488,118185.19,0.0,nvml,unavailable,partial_measured,,,,,accelerator_device,True
2026-08-12T14:02:58Z,528.15,NVIDIA,211.72,211.72,0.0,46,0.032888,9.8664,118396.97,0.0,nvml,unavailable,partial_measured,,,,,accelerator_device,True
2026-08-12T14:02:59Z,529.16,NVIDIA,214.0,214.0,0.0,46,0.032948,9.8843,118611.03,0.0,nvml,unavailable,partial_measured,,,,,accelerator_device,True
2026-08-12T14:03:00Z,530.16,NVIDIA,216.66,216.66,0.0,46,0.033008,9.9023,118827.74,0.0,nvml,unavailable,partial_measured,,,,,accelerator_device,True
2026-08-12T14:03:01Z,531.16,NVIDIA,219.05,219.05,0.0,47,0.033069,9.9206,119046.85,0.0,nvml,unavailable,partial_measured,,,,,accelerator_device,True
2026-08-12T14:03:02Z,532.16,NVIDIA,221.76,221.76,0.0,47,0.03313,9.9391,119268.7,0.0,nvml,unavailable,partial_measured,,,,,accelerator_device,True
2026-08-12T14:03:03Z,533.16,NVIDIA,324.69,324.69,0.0,48,0.03322,9.9661,119593.47,0.0,nvml,unavailable,partial_measured,,,,,accelerator_device,True
2026-08-12T14:03:04Z,534.16,NVIDIA,212.59,212.59,0.0,47,0.033279,9.9838,119806.11,0.0,nvml,unavailable,partial_measured,,,,,accelerator_device,True
2026-08-12T14:03:05Z,535.16,NVIDIA,214.88,214.88,0.0,46,0.033339,10.0018,120021.04,0.0,nvml,unavailable,partial_measured,,,,,accelerator_device,True
2026-08-12T14:03:06Z,536.16,NVIDIA,216.33,216.33,0.0,46,0.033399,10.0198,120237.43,0.0,nvml,unavailable,partial_measured,,,,,accelerator_device,True
2026-08-12T14:03:07Z,537.16,NVIDIA,216.76,216.76,0.0,46,0.03346,10.0379,120454.24,0.0,nvml,unavailable,partial_measured,,,,,accelerator_device,True
2026-08-12T14:03:08Z,538.16,NVIDIA,220.32,220.32,0.0,47,0.033521,10.0562,120674.6,0.0,nvml,unavailable,partial_measured,,,,,accelerator_device,True
2026-08-12T14:03:09Z,539.16,NVIDIA,316.7,316.7,0.0,50,0.033609,10.0826,120991.39,0.0,nvml,unavailable,partial_measured,,,,,accelerator_device,True
2026-08-12T14:03:10Z,540.16,NVIDIA,202.92,202.92,0.0,46,0.033665,10.0995,121194.36,0.0,nvml,unavailable,partial_measured,,,,,accelerator_device,True
2026-08-12T14:03:11Z,541.16,NVIDIA,204.27,204.27,0.0,46,0.033722,10.1166,121398.7,0.0,nvml,unavailable,partial_measured,,,,,accelerator_device,True
2026-08-12T14:03:12Z,542.16,NVIDIA,207.76,207.76,0.0,46,0.03378,10.1339,121606.52,0.0,nvml,unavailable,partial_measured,,,,,accelerator_device,True
2026-08-12T14:03:13Z,543.16,NVIDIA,204.0,204.0,0.0,46,0.033836,10.1509,121810.6,0.0,nvml,unavailable,partial_measured,,,,,accelerator_device,True
2026-08-12T14:03:14Z,544.16,NVIDIA,207.25,207.25,0.0,46,0.033894,10.1682,122017.91,0.0,nvml,unavailable,partial_measured,,,,,accelerator_device,True
2026-08-12T14:03:15Z,545.16,NVIDIA,211.04,211.04,0.0,46,0.033953,10.1858,122229.0,0.0,nvml,unavailable,partial_measured,,,,,accelerator_device,True
2026-08-12T14:03:16Z,546.16,NVIDIA,305.78,305.78,0.0,47,0.034037,10.2112,122534.89,0.0,nvml,unavailable,partial_measured,,,,,accelerator_device,True
2026-08-12T14:03:17Z,547.16,NVIDIA,204.67,204.67,0.0,46,0.034094,10.2283,122739.61,0.0,nvml,unavailable,partial_measured,,,,,accelerator_device,True
2026-08-12T14:03:18Z,548.16,NVIDIA,205.59,205.59,0.0,46,0.034151,10.2454,122945.26,0.0,nvml,unavailable,partial_measured,,,,,accelerator_device,True
2026-08-12T14:03:19Z,549.16,NVIDIA,208.35,208.35,0.0,46,0.034209,10.2628,123153.68,0.0,nvml,unavailable,partial_measured,,,,,accelerator_device,True
2026-08-12T14:03:20Z,550.16,NVIDIA,209.66,209.66,0.0,46,0.034268,10.2803,123363.39,0.0,nvml,unavailable,partial_measured,,,,,accelerator_device,True
2026-08-12T14:03:21Z,551.16,NVIDIA,211.89,211.89,0.0,46,0.034326,10.2979,123575.36,0.0,nvml,unavailable,partial_measured,,,,,accelerator_device,True
2026-08-12T14:03:22Z,552.16,NVIDIA,314.25,314.25,0.0,52,0.034414,10.3241,123889.7,0.0,nvml,unavailable,partial_measured,,,,,accelerator_device,True
2026-08-12T14:03:23Z,553.16,NVIDIA,205.54,205.54,0.0,46,0.034471,10.3413,124095.31,0.0,nvml,unavailable,partial_measured,,,,,accelerator_device,True
2026-08-12T14:03:24Z,554.16,NVIDIA,205.92,205.92,0.0,46,0.034528,10.3584,124301.28,0.0,nvml,unavailable,partial_measured,,,,,accelerator_device,True
2026-08-12T14:03:25Z,555.16,NVIDIA,208.17,208.17,0.0,46,0.034586,10.3758,124509.5,0.0,nvml,unavailable,partial_measured,,,,,accelerator_device,True
2026-08-12T14:03:26Z,556.16,NVIDIA,209.71,209.71,0.0,46,0.034644,10.3933,124719.27,0.0,nvml,unavailable,partial_measured,,,,,accelerator_device,True
2026-08-12T14:03:27Z,557.16,NVIDIA,212.09,212.09,0.0,46,0.034703,10.411,124931.44,0.0,nvml,unavailable,partial_measured,,,,,accelerator_device,True
2026-08-12T14:03:28Z,558.16,NVIDIA,226.51,226.51,0.0,46,0.034766,10.4298,125158.0,0.0,nvml,unavailable,partial_measured,,,,,accelerator_device,True
2026-08-12T14:03:29Z,559.16,NVIDIA,247.06,247.06,0.0,46,0.034835,10.4504,125405.12,0.0,nvml,unavailable,partial_measured,,,,,accelerator_device,True
2026-08-12T14:03:30Z,560.16,NVIDIA,186.51,186.51,0.0,45,0.034887,10.466,125591.68,0.0,nvml,unavailable,partial_measured,,,,,accelerator_device,True
2026-08-12T14:03:31Z,561.16,NVIDIA,188.07,188.07,0.0,45,0.034939,10.4816,125779.79,0.0,nvml,unavailable,partial_measured,,,,,accelerator_device,True
2026-08-12T14:03:32Z,562.16,NVIDIA,190.59,190.59,0.0,45,0.034992,10.4975,125970.43,0.0,nvml,unavailable,partial_measured,,,,,accelerator_device,True
2026-08-12T14:03:33Z,563.16,NVIDIA,189.8,189.8,0.0,45,0.035045,10.5134,126160.29,0.0,nvml,unavailable,partial_measured,,,,,accelerator_device,True
2026-08-12T14:03:34Z,564.16,NVIDIA,192.88,192.88,0.0,45,0.035098,10.5294,126353.21,0.0,nvml,unavailable,partial_measured,,,,,accelerator_device,True
2026-08-12T14:03:35Z,565.17,NVIDIA,278.5,278.5,0.0,48,0.035175,10.5526,126631.77,0.0,nvml,unavailable,partial_measured,,,,,accelerator_device,True
2026-08-12T14:03:36Z,566.17,NVIDIA,192.07,192.07,0.0,46,0.035229,10.5687,126823.89,0.0,nvml,unavailable,partial_measured,,,,,accelerator_device,True
2026-08-12T14:03:37Z,567.17,NVIDIA,192.64,192.64,0.0,45,0.035282,10.5847,127016.58,0.0,nvml,unavailable,partial_measured,,,,,accelerator_device,True
2026-08-12T14:03:38Z,568.17,NVIDIA,194.83,194.83,0.0,45,0.035337,10.601,127211.46,0.0,nvml,unavailable,partial_measured,,,,,accelerator_device,True
2026-08-12T14:03:39Z,569.17,NVIDIA,195.71,195.71,0.0,45,0.035391,10.6173,127407.21,0.0,nvml,unavailable,partial_measured,,,,,accelerator_device,True
2026-08-12T14:03:40Z,570.17,NVIDIA,196.83,196.83,0.0,45,0.035446,10.6337,127604.09,0.0,nvml,unavailable,partial_measured,,,,,accelerator_device,True
2026-08-12T14:03:41Z,571.17,NVIDIA,278.9,278.9,0.0,47,0.035523,10.6569,127883.06,0.0,nvml,unavailable,partial_measured,,,,,accelerator_device,True
2026-08-12T14:03:42Z,572.17,NVIDIA,191.15,191.15,0.0,45,0.035576,10.6729,128074.27,0.0,nvml,unavailable,partial_measured,,,,,accelerator_device,True
2026-08-12T14:03:43Z,573.17,NVIDIA,192.95,192.95,0.0,45,0.03563,10.6889,128267.29,0.0,nvml,unavailable,partial_measured,,,,,accelerator_device,True
2026-08-12T14:03:44Z,574.17,NVIDIA,193.63,193.63,0.0,45,0.035684,10.7051,128460.96,0.0,nvml,unavailable,partial_measured,,,,,accelerator_device,True
2026-08-12T14:03:45Z,575.17,NVIDIA,195.95,195.95,0.0,45,0.035738,10.7214,128656.96,0.0,nvml,unavailable,partial_measured,,,,,accelerator_device,True
2026-08-12T14:03:46Z,576.17,NVIDIA,195.9,195.9,0.0,45,0.035792,10.7377,128852.91,0.0,nvml,unavailable,partial_measured,,,,,accelerator_device,True
2026-08-12T14:03:47Z,577.17,NVIDIA,308.4,308.4,0.0,47,0.035878,10.7634,129161.39,0.0,nvml,unavailable,partial_measured,,,,,accelerator_device,True
2026-08-12T14:03:48Z,578.17,NVIDIA,206.09,206.09,0.0,46,0.035935,10.7806,129367.53,0.0,nvml,unavailable,partial_measured,,,,,accelerator_device,True
2026-08-12T14:03:49Z,579.17,NVIDIA,206.28,206.28,0.0,46,0.035993,10.7978,129573.89,0.0,nvml,unavailable,partial_measured,,,,,accelerator_device,True
2026-08-12T14:03:50Z,580.17,NVIDIA,209.0,209.0,0.0,46,0.036051,10.8152,129782.94,0.0,nvml,unavailable,partial_measured,,,,,accelerator_device,True
2026-08-12T14:03:51Z,581.17,NVIDIA,210.87,210.87,0.0,46,0.036109,10.8328,129993.86,0.0,nvml,unavailable,partial_measured,,,,,accelerator_device,True
2026-08-12T14:03:52Z,582.17,NVIDIA,213.34,213.34,0.0,46,0.036169,10.8506,130207.25,0.0,nvml,unavailable,partial_measured,,,,,accelerator_device,True
2026-08-12T14:03:53Z,583.17,NVIDIA,216.64,216.64,0.0,46,0.036229,10.8687,130423.94,0.0,nvml,unavailable,partial_measured,,,,,accelerator_device,True
2026-08-12T14:03:54Z,584.17,NVIDIA,314.67,314.67,0.0,47,0.036316,10.8949,130738.72,0.0,nvml,unavailable,partial_measured,,,,,accelerator_device,True
2026-08-12T14:03:55Z,585.17,NVIDIA,210.64,210.64,0.0,46,0.036375,10.9125,130949.41,0.0,nvml,unavailable,partial_measured,,,,,accelerator_device,True
2026-08-12T14:03:56Z,586.17,NVIDIA,211.06,211.06,0.0,46,0.036433,10.93,131160.54,0.0,nvml,unavailable,partial_measured,,,,,accelerator_device,True
2026-08-12T14:03:57Z,587.17,NVIDIA,214.61,214.61,0.0,46,0.036493,10.9479,131375.2,0.0,nvml,unavailable,partial_measured,,,,,accelerator_device,True
2026-08-12T14:03:58Z,588.17,NVIDIA,216.31,216.31,0.0,46,0.036553,10.966,131591.56,0.0,nvml,unavailable,partial_measured,,,,,accelerator_device,True
2026-08-12T14:03:59Z,589.17,NVIDIA,219.6,219.6,0.0,46,0.036614,10.9843,131811.21,0.0,nvml,unavailable,partial_measured,,,,,accelerator_device,True
2026-08-12T14:04:00Z,590.17,NVIDIA,316.27,316.27,0.0,47,0.036702,11.0106,132127.61,0.0,nvml,unavailable,partial_measured,,,,,accelerator_device,True
2026-08-12T14:04:01Z,591.17,NVIDIA,209.27,209.27,0.0,46,0.03676,11.0281,132336.94,0.0,nvml,unavailable,partial_measured,,,,,accelerator_device,True
2026-08-12T14:04:02Z,592.17,NVIDIA,209.4,209.4,0.0,46,0.036818,11.0455,132546.41,0.0,nvml,unavailable,partial_measured,,,,,accelerator_device,True
2026-08-12T14:04:03Z,593.17,NVIDIA,210.95,210.95,0.0,46,0.036877,11.0631,132757.41,0.0,nvml,unavailable,partial_measured,,,,,accelerator_device,True
2026-08-12T14:04:04Z,594.17,NVIDIA,212.52,212.52,0.0,46,0.036936,11.0808,132970.0,0.0,nvml,unavailable,partial_measured,,,,,accelerator_device,True
2026-08-12T14:04:05Z,595.17,NVIDIA,215.19,215.19,0.0,46,0.036996,11.0988,133185.28,0.0,nvml,unavailable,partial_measured,,,,,accelerator_device,True
2026-08-12T14:04:06Z,596.17,NVIDIA,295.47,295.47,0.0,48,0.037078,11.1234,133480.86,0.0,nvml,unavailable,partial_measured,,,,,accelerator_device,True
2026-08-12T14:04:07Z,597.17,NVIDIA,194.7,194.7,0.0,46,0.037132,11.1396,133675.62,0.0,nvml,unavailable,partial_measured,,,,,accelerator_device,True
2026-08-12T14:04:08Z,598.17,NVIDIA,197.69,197.69,0.0,45,0.037187,11.1561,133873.37,0.0,nvml,unavailable,partial_measured,,,,,accelerator_device,True
2026-08-12T14:04:09Z,599.17,NVIDIA,197.3,197.3,0.0,45,0.037242,11.1726,134070.71,0.0,nvml,unavailable,partial_measured,,,,,accelerator_device,True
2026-08-12T14:04:10Z,600.17,NVIDIA,198.11,198.11,0.0,46,0.037297,11.1891,134268.87,0.0,nvml,unavailable,partial_measured,,,,,accelerator_device,True
2026-08-12T14:04:11Z,601.18,NVIDIA,201.72,201.72,0.0,46,0.037353,11.2059,134470.65,0.0,nvml,unavailable,partial_measured,,,,,accelerator_device,True
2026-08-12T14:04:12Z,602.18,NVIDIA,203.45,203.45,0.0,46,0.037409,11.2228,134674.14,0.0,nvml,unavailable,partial_measured,,,,,accelerator_device,True
2026-08-12T14:04:13Z,603.18,NVIDIA,290.27,290.27,0.0,46,0.03749,11.247,134964.48,0.0,nvml,unavailable,partial_measured,,,,,accelerator_device,True
2026-08-12T14:04:14Z,604.18,NVIDIA,199.41,199.41,0.0,46,0.037546,11.2637,135163.93,0.0,nvml,unavailable,partial_measured,,,,,accelerator_device,True
2026-08-12T14:04:15Z,605.18,NVIDIA,201.19,201.19,0.0,46,0.037601,11.2804,135365.17,0.0,nvml,unavailable,partial_measured,,,,,accelerator_device,True
2026-08-12T14:04:16Z,606.18,NVIDIA,203.22,203.22,0.0,46,0.037658,11.2974,135568.46,0.0,nvml,unavailable,partial_measured,,,,,accelerator_device,True
2026-08-12T14:04:17Z,607.18,NVIDIA,204.35,204.35,0.0,46,0.037715,11.3144,135772.89,0.0,nvml,unavailable,partial_measured,,,,,accelerator_device,True
2026-08-12T14:04:18Z,608.18,NVIDIA,229.1,229.1,0.0,46,0.037778,11.3335,136002.06,0.0,nvml,unavailable,partial_measured,,,,,accelerator_device,True
2026-08-12T14:04:19Z,609.18,NVIDIA,270.4,270.4,0.0,46,0.037853,11.356,136272.53,0.0,nvml,unavailable,partial_measured,,,,,accelerator_device,True
2026-08-12T14:04:20Z,610.18,NVIDIA,198.66,198.66,0.0,46,0.037909,11.3726,136471.24,0.0,nvml,unavailable,partial_measured,,,,,accelerator_device,True
2026-08-12T14:04:21Z,611.18,NVIDIA,198.71,198.71,0.0,46,0.037964,11.3892,136670.0,0.0,nvml,unavailable,partial_measured,,,,,accelerator_device,True
2026-08-12T14:04:22Z,612.18,NVIDIA,200.98,200.98,0.0,46,0.03802,11.4059,136871.04,0.0,nvml,unavailable,partial_measured,,,,,accelerator_device,True
2026-08-12T14:04:23Z,613.18,NVIDIA,203.26,203.26,0.0,46,0.038076,11.4229,137074.35,0.0,nvml,unavailable,partial_measured,,,,,accelerator_device,True
2026-08-12T14:04:24Z,614.18,NVIDIA,206.92,206.92,0.0,46,0.038134,11.4401,137281.64,0.0,nvml,unavailable,partial_measured,,,,,accelerator_device,True
2026-08-12T14:04:25Z,615.18,NVIDIA,292.95,292.95,0.0,46,0.038215,11.4646,137574.67,0.0,nvml,unavailable,partial_measured,,,,,accelerator_device,True
2026-08-12T14:04:26Z,616.18,NVIDIA,202.19,202.19,0.0,46,0.038271,11.4814,137776.92,0.0,nvml,unavailable,partial_measured,,,,,accelerator_device,True
2026-08-12T14:04:27Z,617.18,NVIDIA,203.67,203.67,0.0,46,0.038328,11.4984,137980.64,0.0,nvml,unavailable,partial_measured,,,,,accelerator_device,True
2026-08-12T14:04:28Z,618.18,NVIDIA,205.87,205.87,0.0,46,0.038385,11.5155,138186.57,0.0,nvml,unavailable,partial_measured,,,,,accelerator_device,True
2026-08-12T14:04:29Z,619.18,NVIDIA,208.02,208.02,0.0,46,0.038443,11.5329,138394.64,0.0,nvml,unavailable,partial_measured,,,,,accelerator_device,True
2026-08-12T14:04:30Z,620.18,NVIDIA,209.35,209.35,0.0,46,0.038501,11.5503,138604.04,0.0,nvml,unavailable,partial_measured,,,,,accelerator_device,True
2026-08-12T14:04:31Z,621.18,NVIDIA,308.24,308.24,0.0,58,0.038587,11.576,138912.38,0.0,nvml,unavailable,partial_measured,,,,,accelerator_device,True
2026-08-12T14:04:32Z,622.18,NVIDIA,203.98,203.98,0.0,46,0.038643,11.593,139116.42,0.0,nvml,unavailable,partial_measured,,,,,accelerator_device,True
2026-08-12T14:04:33Z,623.18,NVIDIA,204.78,204.78,0.0,46,0.0387,11.6101,139321.27,0.0,nvml,unavailable,partial_measured,,,,,accelerator_device,True
2026-08-12T14:04:34Z,624.18,NVIDIA,206.86,206.86,0.0,46,0.038758,11.6273,139528.19,0.0,nvml,unavailable,partial_measured,,,,,accelerator_device,True
2026-08-12T14:04:35Z,625.18,NVIDIA,209.67,209.67,0.0,46,0.038816,11.6448,139737.91,0.0,nvml,unavailable,partial_measured,,,,,accelerator_device,True
2026-08-12T14:04:36Z,626.18,NVIDIA,210.0,210.0,0.0,46,0.038874,11.6623,139947.96,0.0,nvml,unavailable,partial_measured,,,,,accelerator_device,True
2026-08-12T14:04:37Z,627.18,NVIDIA,264.74,264.74,0.0,46,0.038948,11.6844,140212.76,0.0,nvml,unavailable,partial_measured,,,,,accelerator_device,True
2026-08-12T14:04:38Z,628.18,NVIDIA,264.0,264.0,0.0,46,0.039021,11.7064,140476.83,0.0,nvml,unavailable,partial_measured,,,,,accelerator_device,True
2026-08-12T14:04:39Z,629.18,NVIDIA,207.14,207.14,0.0,46,0.039079,11.7237,140684.03,0.0,nvml,unavailable,partial_measured,,,,,accelerator_device,True
2026-08-12T14:04:40Z,630.18,NVIDIA,207.72,207.72,0.0,46,0.039137,11.741,140891.81,0.0,nvml,unavailable,partial_measured,,,,,accelerator_device,True
2026-08-12T14:04:41Z,631.18,NVIDIA,211.11,211.11,0.0,46,0.039195,11.7586,141102.98,0.0,nvml,unavailable,partial_measured,,,,,accelerator_device,True
2026-08-12T14:04:42Z,632.19,NVIDIA,211.9,211.9,0.0,46,0.039254,11.7762,141314.96,0.0,nvml,unavailable,partial_measured,,,,,accelerator_device,True
2026-08-12T14:04:43Z,633.19,NVIDIA,211.22,211.22,0.0,46,0.039313,11.7939,141526.28,0.0,nvml,unavailable,partial_measured,,,,,accelerator_device,True
2026-08-12T14:04:44Z,634.19,NVIDIA,271.21,271.21,0.0,46,0.039388,11.8165,141797.56,0.0,nvml,unavailable,partial_measured,,,,,accelerator_device,True
2026-08-12T14:04:45Z,635.19,NVIDIA,191.0,191.0,0.0,45,0.039441,11.8324,141988.62,0.0,nvml,unavailable,partial_measured,,,,,accelerator_device,True
2026-08-12T14:04:46Z,636.19,NVIDIA,191.21,191.21,0.0,45,0.039494,11.8483,142179.89,0.0,nvml,unavailable,partial_measured,,,,,accelerator_device,True
2026-08-12T14:04:47Z,637.19,NVIDIA,192.94,192.94,0.0,45,0.039548,11.8644,142372.87,0.0,nvml,unavailable,partial_measured,,,,,accelerator_device,True
2026-08-12T14:04:48Z,638.19,NVIDIA,194.05,194.05,0.0,45,0.039602,11.8806,142566.98,0.0,nvml,unavailable,partial_measured,,,,,accelerator_device,True
2026-08-12T14:04:49Z,639.19,NVIDIA,195.54,195.54,0.0,45,0.039656,11.8969,142762.56,0.0,nvml,unavailable,partial_measured,,,,,accelerator_device,True
2026-08-12T14:04:50Z,640.19,NVIDIA,279.93,279.93,0.0,47,0.039734,11.9202,143042.58,0.0,nvml,unavailable,partial_measured,,,,,accelerator_device,True
2026-08-12T14:04:51Z,641.19,NVIDIA,193.98,193.98,0.0,45,0.039788,11.9364,143236.61,0.0,nvml,unavailable,partial_measured,,,,,accelerator_device,True
2026-08-12T14:04:52Z,642.19,NVIDIA,196.21,196.21,0.0,45,0.039842,11.9527,143432.89,0.0,nvml,unavailable,partial_measured,,,,,accelerator_device,True
2026-08-12T14:04:53Z,643.19,NVIDIA,196.49,196.49,0.0,45,0.039897,11.9691,143629.46,0.0,nvml,unavailable,partial_measured,,,,,accelerator_device,True
2026-08-12T14:04:54Z,644.19,NVIDIA,198.46,198.46,0.0,45,0.039952,11.9857,143827.99,0.0,nvml,unavailable,partial_measured,,,,,accelerator_device,True
2026-08-12T14:04:55Z,645.19,NVIDIA,201.12,201.12,0.0,45,0.040008,12.0024,144029.17,0.0,nvml,unavailable,partial_measured,,,,,accelerator_device,True
2026-08-12T14:04:56Z,646.19,NVIDIA,283.89,283.89,0.0,47,0.040087,12.0261,144313.13,0.0,nvml,unavailable,partial_measured,,,,,accelerator_device,True
2026-08-12T14:04:57Z,647.19,NVIDIA,193.91,193.91,0.0,45,0.040141,12.0423,144507.1,0.0,nvml,unavailable,partial_measured,,,,,accelerator_device,True
2026-08-12T14:04:58Z,648.19,NVIDIA,194.27,194.27,0.0,45,0.040195,12.0585,144701.42,0.0,nvml,unavailable,partial_measured,,,,,accelerator_device,True
2026-08-12T14:04:59Z,649.19,NVIDIA,195.86,195.86,0.0,45,0.040249,12.0748,144897.32,0.0,nvml,unavailable,partial_measured,,,,,accelerator_device,True
2026-08-12T14:05:00Z,650.19,NVIDIA,197.9,197.9,0.0,45,0.040304,12.0913,145095.26,0.0,nvml,unavailable,partial_measured,,,,,accelerator_device,True
2026-08-12T14:05:01Z,651.19,NVIDIA,199.49,199.49,0.0,45,0.04036,12.1079,145294.81,0.0,nvml,unavailable,partial_measured,,,,,accelerator_device,True
