phase,api,chaos_method,reconciler,n_iterations,accuracy_mean,accuracy_std,accuracy_min,accuracy_max,hosseini_mean,hosseini_std,hosseini_min,hosseini_max,latency_mean_ms,latency_std_ms,throughput_mean_pps,throughput_std_pps,throughput_min_pps,throughput_max_pps,total_time_mean_ms,total_time_std_ms,fast_path_latency_mean_ms,fast_path_latency_std_ms,gpu_latency_mean_ms,gpu_latency_std_ms,packets_clean_mean,packets_drifted_mean,batch_size
cohere,openf1,qwen,cohere,1,0.8012658227848102,0.0,0.8012658227848102,0.8012658227848102,0.8012658227848102,0.0,0.8012658227848102,0.8012658227848102,447.9277724312851,0.0,35.30750621172249,0.0,35.30750621172249,35.30750621172249,70806.47341697477,0.0,11.853709002025425,0.0,70781.45983300055,0.0,2342.0,158.0,8
cohere,openf1,json_manip,cohere,1,0.945398773006135,0.0,0.945398773006135,0.945398773006135,0.945398773006135,0.0,0.945398773006135,0.945398773006135,441.938912822005,0.0,34.68350882253983,0.0,34.68350882253983,34.68350882253983,72080.36570900003,0.0,15.509958000620827,0.0,72045.3849589976,0.0,2337.0,163.0,8
cohere,openf1,schema_alter,cohere,1,0.7722222222222223,0.0,0.7722222222222223,0.7722222222222223,0.7722222222222224,0.0,0.7722222222222224,0.7722222222222224,473.7684826306779,0.0,48.82177578528667,0.0,48.82177578528667,48.82177578528667,51206.65849998477,0.0,14.998124999692664,0.0,51172.97358298674,0.0,2392.0,108.0,8
cohere,finnhub,qwen,cohere,1,0.6961538461538461,0.0,0.6961538461538461,0.6961538461538461,0.6961538461538461,0.0,0.6961538461538461,0.6961538461538461,356.4118333545943,0.0,53.9322120517939,0.0,53.9322120517939,53.9322120517939,46354.486583994,0.0,6.427333981264383,0.0,46339.42599999136,0.0,2370.0,130.0,8
cohere,finnhub,json_manip,cohere,1,0.8298192771084337,0.0,0.8298192771084337,0.8298192771084337,0.8298192771084337,0.0,0.8298192771084337,0.8298192771084337,352.1715281390955,0.0,42.73837419788285,0.0,42.73837419788285,42.73837419788285,58495.439916005125,0.0,10.722207982325926,0.0,58468.90033298405,0.0,2334.0,166.0,8
cohere,finnhub,schema_alter,cohere,1,0.6225490196078431,0.0,0.6225490196078431,0.6225490196078431,0.6225490196078431,0.0,0.6225490196078431,0.6225490196078431,414.90958825777534,0.0,59.0458735953313,0.0,59.0458735953313,59.0458735953313,42339.96125002159,0.0,6.281208014115691,0.0,42325.929625018034,0.0,2398.0,102.0,8
cohere,spacex,qwen,cohere,1,0.7518248175182481,0.0,0.7518248175182481,0.7518248175182481,0.751824817518248,0.0,0.751824817518248,0.751824817518248,341.70484913038905,0.0,53.36619637938037,0.0,53.36619637938037,53.36619637938037,46846.134249994066,0.0,9.180124994600192,0.0,46820.45937498333,0.0,2363.0,137.0,8
cohere,spacex,json_manip,cohere,1,0.9551630434782609,0.0,0.9551630434782609,0.9551630434782609,0.9551630434782609,0.0,0.9551630434782609,0.9551630434782609,372.82296984393844,0.0,36.43066251234951,0.0,36.43066251234951,36.43066251234951,68623.51183299324,0.0,6.281000009039417,0.0,68609.71491699456,0.0,2316.0,184.0,8
cohere,spacex,schema_alter,cohere,1,0.5347222222222222,0.0,0.5347222222222222,0.5347222222222222,0.5347222222222222,0.0,0.5347222222222222,0.5347222222222222,418.36432062781466,0.0,82.91586622773008,0.0,82.91586622773008,82.91586622773008,30151.0448330082,0.0,9.540500002913177,0.0,30126.12933301716,0.0,2428.0,72.0,8
cohere,openweather,qwen,cohere,1,0.7780373831775701,0.0,0.7780373831775701,0.7780373831775701,0.7780373831775701,0.0,0.7780373831775701,0.7780373831775701,378.5346962044246,0.0,61.67823612406241,0.0,61.67823612406241,61.67823612406241,40532.936042000074,0.0,9.287708002375439,0.0,40508.24787499732,0.0,2393.0,107.0,8
cohere,openweather,json_manip,cohere,1,0.8758389261744967,0.0,0.8758389261744967,0.8758389261744967,0.8758389261744967,0.0,0.8758389261744967,0.8758389261744967,408.0007760250322,0.0,41.10233534204284,0.0,41.10233534204284,41.10233534204284,60823.79454100737,0.0,9.649833984440193,0.0,60800.15337499208,0.0,2351.0,149.0,8
cohere,openweather,schema_alter,cohere,1,0.4722222222222222,0.0,0.4722222222222222,0.4722222222222222,0.4722222222222222,0.0,0.4722222222222222,0.4722222222222222,564.5901327559302,0.0,81.95523197730715,0.0,81.95523197730715,81.95523197730715,30504.458832991077,0.0,6.185458012623712,0.0,30490.51883298671,0.0,2446.0,54.0,8
cohere,clinical,qwen,cohere,1,0.7616,0.0,0.7616,0.7616,0.7616,0.0,0.7616,0.7616,496.49385731248185,0.0,40.26110275298421,0.0,40.26110275298421,40.26110275298421,62094.67274998315,0.0,10.318584012566134,0.0,62067.93050002307,0.0,2375.0,125.0,8
cohere,clinical,json_manip,cohere,1,0.96,0.0,0.96,0.96,0.96,0.0,0.96,0.96,442.1489364674926,0.0,35.321166949584686,0.0,35.321166949584686,35.321166949584686,70779.08845900674,0.0,10.617124993586913,0.0,70751.88841699855,0.0,2340.0,160.0,8
cohere,clinical,schema_alter,cohere,1,0.5151515151515151,0.0,0.5151515151515151,0.5151515151515151,0.5151515151515151,0.0,0.5151515151515151,0.5151515151515151,493.1897922876735,0.0,76.75794921911341,0.0,76.75794921911341,76.75794921911341,32569.916541979183,0.0,7.196666992967948,0.0,32554.035499983,0.0,2434.0,66.0,8
cohere,hockey_nhl,qwen,cohere,1,0.9077548467792371,0.0,0.9077548467792371,0.9077548467792371,0.9077548467792371,0.0,0.9077548467792371,0.9077548467792371,686.0676067559488,0.0,28.61755261226641,0.0,28.61755261226641,28.61755261226641,87358.97279100027,0.0,2374.2440000060014,0.0,84402.05345899449,0.0,2377.0,123.0,8
cohere,hockey_nhl,json_manip,cohere,1,0.9893970893970895,0.0,0.9893970893970895,0.9893970893970895,0.9893970893970896,0.0,0.9893970893970896,0.9893970893970896,711.7006136919372,0.0,18.578211418513824,0.0,18.578211418513824,18.578211418513824,134566.2369580241,0.0,2344.9202089977916,0.0,131689.00195800234,0.0,2315.0,185.0,8
cohere,hockey_nhl,schema_alter,cohere,1,0.5716440422322775,0.0,0.5716440422322775,0.5716440422322775,0.5716440422322775,0.0,0.5716440422322775,0.5716440422322775,768.3137524490674,0.0,59.42518317439721,0.0,59.42518317439721,59.42518317439721,42069.70625001122,0.0,2349.623625021195,0.0,39190.24829202681,0.0,2449.0,51.0,8
cohere,aviation_opensky,qwen,cohere,1,0.43119266055045874,0.0,0.43119266055045874,0.43119266055045874,0.43119266055045874,0.0,0.43119266055045874,0.43119266055045874,375.68855887186,0.0,60.37011122248114,0.0,60.37011122248114,60.37011122248114,41411.22070798883,0.0,412.4934999854304,0.0,40955.890832992736,0.0,2391.0,109.0,8
cohere,aviation_opensky,json_manip,cohere,1,0.5575757575757576,0.0,0.5575757575757576,0.5575757575757576,0.5575757575757576,0.0,0.5575757575757576,0.5575757575757576,354.43431947831857,0.0,42.40832555159069,0.0,42.40832555159069,42.40832555159069,58950.68874998833,0.0,419.0312919963617,0.0,58490.40625002817,0.0,2335.0,165.0,8
cohere,aviation_opensky,schema_alter,cohere,1,0.32,0.0,0.32,0.32,0.32,0.0,0.32,0.32,403.49312165169977,0.0,81.35470873799014,0.0,81.35470873799014,81.35470873799014,30729.628792003496,0.0,421.7819169862196,0.0,30265.975041984348,0.0,2425.0,75.0,8
cohere,football_uefa,qwen,cohere,1,0.8765352294764059,0.0,0.8765352294764059,0.8765352294764059,0.8765352294764059,0.0,0.8765352294764059,0.8765352294764059,498.70068801517067,0.0,41.75724956645501,0.0,41.75724956645501,41.75724956645501,59869.84358300106,0.0,395.19812501384877,0.0,59353.23100001551,0.0,2381.0,119.0,8
cohere,football_uefa,json_manip,cohere,1,0.9606003752345216,0.0,0.9606003752345216,0.9606003752345216,0.9606003752345216,0.0,0.9606003752345216,0.9606003752345216,560.0481318714873,0.0,27.0691375698518,0.0,27.0691375698518,27.0691375698518,92356.10087498208,0.0,389.9552499933634,0.0,91861.26820798381,0.0,2336.0,164.0,8
cohere,football_uefa,schema_alter,cohere,1,0.6804733727810651,0.0,0.6804733727810651,0.6804733727810651,0.6804733727810651,0.0,0.6804733727810651,0.6804733727810651,510.6356922510863,0.0,53.21513367551514,0.0,53.21513367551514,53.21513367551514,46979.117167007644,0.0,399.72304200637154,0.0,46476.00033300114,0.0,2409.0,91.0,8
cohere,smartcity_transit,qwen,cohere,1,0.8559523809523809,0.0,0.8559523809523809,0.8559523809523809,0.8559523809523809,0.0,0.8559523809523809,0.8559523809523809,581.193528111307,0.0,34.10326293946554,0.0,34.10326293946554,34.10326293946554,73306.76845900598,0.0,34.57062499364838,0.0,73244.50162498397,0.0,2374.0,126.0,8
cohere,smartcity_transit,json_manip,cohere,1,0.9736024844720497,0.0,0.9736024844720497,0.9736024844720497,0.9736024844720497,0.0,0.9736024844720497,0.9736024844720497,571.7077147702236,0.0,27.137741825837914,0.0,27.137741825837914,27.137741825837914,92122.62450001435,0.0,35.0976659974549,0.0,92060.26816699887,0.0,2339.0,161.0,8
cohere,smartcity_transit,schema_alter,cohere,1,0.6774390243902438,0.0,0.6774390243902438,0.6774390243902438,0.6774390243902438,0.0,0.6774390243902438,0.6774390243902438,560.0334349299196,0.0,54.354712346929425,0.0,54.354712346929425,54.354712346929425,45994.17220798205,0.0,34.80466699693352,0.0,45931.213417003164,0.0,2418.0,82.0,8
