phase,api,chaos_method,reconciler,iteration,seed,accuracy,hosseini_resilience,avg_latency_ms,min_latency_ms,max_latency_ms,throughput_pps,total_time_ms,packets_processed,packets_clean,packets_drifted,fast_path_latency_ms,gpu_latency_ms,batch_size,drift_event_count
cohere,openf1,qwen,cohere,1,3260074454,0.8006329113924051,0.800632911392405,518.9557246957048,305.3397499897983,1706.7633749975357,30.476913485086943,82029.30395898875,2500,2342,158,11.824457993498072,82004.64612501673,8,1556
cohere,openf1,json_manip,cohere,1,1925043681,0.945398773006135,0.945398773006135,539.0117456631212,311.65045898524113,1400.2626659930684,28.44133934795331,87900.22049998515,2500,2337,163,14.71620801021345,87868.18962497637,8,1611
cohere,openf1,schema_alter,cohere,1,871865710,0.7722222222222223,0.7722222222222223,579.469086758898,315.8428749884479,1618.5345419798978,39.92814461906005,62612.47608301346,2500,2392,108,11.984458978986368,62588.45683300751,8,1061
cohere,finnhub,qwen,cohere,1,1301935308,0.6961538461538461,0.6961538461538461,458.4155650464639,262.31687498511747,1118.229292012984,41.93447035790227,59616.825457982486,2500,2370,130,6.488541985163465,59600.87595900404,8,495
cohere,finnhub,json_manip,cohere,1,3091342568,0.8298192771084337,0.8298192771084337,459.7114656020253,253.9412500045728,1062.0248749910388,32.74570553498109,76345.88899998926,2500,2334,166,9.628707979572937,76320.35366698983,8,650
cohere,finnhub,schema_alter,cohere,1,1753426110,0.6225490196078431,0.6225490196078431,453.1122275075177,250.83970799460076,1051.760333997663,54.05641032913207,46247.984000016004,2500,2398,102,9.566291992086917,46222.75091600022,8,388
cohere,spacex,qwen,cohere,1,1869236560,0.7518248175182481,0.7518248175182481,492.7477761544372,255.6674999941606,1392.7529159991536,37.015251527597755,67539.72745899227,2500,2363,137,9.399000002304092,67513.31204199232,8,520
cohere,spacex,json_manip,cohere,1,1880403096,0.9524456521739131,0.952445652173913,404.66992776102575,247.5750409939792,1046.7479169892613,33.55985211771209,74493.77283401554,2500,2316,184,10.052458994323388,74469.025917002,8,715
cohere,spacex,schema_alter,cohere,1,2306848957,0.5347222222222222,0.5347222222222222,422.6305880268531,234.45324998465367,742.1821670141071,82.08146063935112,30457.547666999744,2500,2428,72,9.567916014930233,30432.678749988554,8,265
cohere,openweather,qwen,cohere,1,2826526034,0.7780373831775701,0.7780373831775701,367.94326439169106,250.75312500121072,876.102209003875,63.46698006497967,39390.56179198087,2500,2393,107,6.321374996332452,39375.42166697676,8,403
cohere,openweather,json_manip,cohere,1,1388894160,0.8758389261744967,0.8758389261744967,431.08144070329644,253.00770800095052,1596.2529579992406,38.90838522844833,64253.50179200177,2500,2351,149,6.539541995152831,64238.44358298811,8,579
cohere,openweather,schema_alter,cohere,1,3176273455,0.4722222222222222,0.4722222222222222,407.6501581827567,253.42158298008144,870.349000004353,113.43249193420351,22039.54050000175,2500,2446,54,9.824250009842217,22015.593500022078,8,199
cohere,clinical,qwen,cohere,1,608992924,0.7616,0.7616,475.1229166307021,265.80520800780505,1323.793666990241,42.07652834372556,59415.54825002095,2500,2375,125,7.585708983242512,59397.11108300253,8,604
cohere,clinical,json_manip,cohere,1,2268059618,0.96,0.9600000000000001,475.6480604330136,260.5301250005141,1228.4193749947008,32.83476820602588,76138.804584014,2500,2340,160,10.48283401178196,76112.0026250137,8,782
cohere,clinical,schema_alter,cohere,1,623136646,0.5151515151515151,0.5151515151515151,462.4539634100846,276.61595901008695,1065.6650830060244,81.85621396306871,30541.358791990206,2500,2434,66,7.4048749811481684,30525.223208009265,8,300
cohere,hockey_nhl,qwen,cohere,1,587980450,0.9077548467792371,0.9077548467792372,662.6084004209388,373.06737498147413,1665.9625830070581,29.589900344445326,84488.28724998748,2500,2377,123,2383.1579170073383,81516.02404200821,8,3174
cohere,hockey_nhl,json_manip,cohere,1,3055161910,0.9893970893970895,0.9893970893970895,640.2482276824869,382.39341697772034,1655.293541989522,20.603056023688637,121341.2222500192,2500,2315,185,2345.5652500269935,118468.00158399856,8,4801
cohere,hockey_nhl,schema_alter,cohere,1,864844442,0.5716440422322775,0.5716440422322775,680.1449860384523,402.7498750074301,1241.196916991612,66.51057477231562,37588.00775001873,2500,2449,51,2341.2833750189748,34693.64574999781,8,1315
cohere,aviation_opensky,qwen,cohere,1,2436039110,0.43119266055045874,0.43119266055045874,301.7751066619744,220.73283299687319,705.0660420209169,74.94014493226862,33359.956833010074,2500,2391,109,417.8882080013864,32898.627166985534,8,191
cohere,aviation_opensky,json_manip,cohere,1,2683236806,0.5575757575757576,0.5575757575757577,348.72402297085944,230.42116602300666,695.8553750009742,43.09258680791497,58014.61887502228,2500,2335,165,425.5042080185376,57548.142625018954,8,300
cohere,aviation_opensky,schema_alter,cohere,1,3330513406,0.32,0.32,289.14572444084723,219.01600001729093,710.5941249756142,112.86868428914289,22149.63358300156,2500,2425,75,418.1299170013517,21689.64408300235,8,124
cohere,football_uefa,qwen,cohere,1,2470270663,0.8765352294764059,0.8765352294764059,519.567744057291,327.30562501819804,1069.648665987188,40.10190669839026,62341.17541598971,2500,2381,119,390.99920899025165,61837.25716598565,8,1514
cohere,football_uefa,json_manip,cohere,1,3496647998,0.9606003752345216,0.9606003752345215,495.81376830575186,312.1466249867808,1223.482667002827,30.553000883356045,81825.02300001215,2500,2336,164,392.82645800267346,81325.11704199715,8,2118
cohere,football_uefa,schema_alter,cohere,1,2773541159,0.6804733727810651,0.6804733727810651,485.1693401652373,322.83908300451003,1058.169458003249,55.99079632912501,44650.19545899122,2500,2409,91,389.2117500072345,44158.40279101394,8,1167
cohere,smartcity_transit,qwen,cohere,1,961063833,0.8559523809523809,0.8559523809523809,545.2372292239156,345.6685420242138,1822.1979160152841,36.35044703351963,68774.94512501289,2500,2374,126,34.12170798401348,68712.352750008,8,2496
cohere,smartcity_transit,json_manip,cohere,1,3522405332,0.9736024844720497,0.9736024844720497,549.4393579624247,347.0155840041116,1591.3180410279892,28.237134859933686,88535.89474997716,2500,2339,161,35.13466598815285,88475.44512499007,8,3191
cohere,smartcity_transit,schema_alter,cohere,1,4161577514,0.6774390243902438,0.6774390243902438,545.0163510714647,354.1112500242889,1423.506457998883,55.84019755012492,44770.61524998862,2500,2418,82,39.506540982984006,44703.90958301141,8,1619
