url_path,views_total,views_unique
/tarek-clarke/resilient-rap-framework,97,9
/tarek-clarke/resilient-rap-framework/blob/main/README.md,30,1
/tarek-clarke/resilient-rap-framework/actions/workflows/domain-agnosticism-test.yml,11,1
/tarek-clarke/resilient-rap-framework/graphs/traffic,11,1
/tarek-clarke/resilient-rap-framework/pulse,11,1
/tarek-clarke/resilient-rap-framework/tree/main/data,11,1
/tarek-clarke/resilient-rap-framework/actions/workflows/domain-test-simple.yml,10,1
/tarek-clarke/resilient-rap-framework/tree/main/docs/data/domain-tests,10,1
/tarek-clarke/resilient-rap-framework/tree/main/data/reports,9,1
/tarek-clarke/resilient-rap-framework/commits/main,8,1
