run_id,run_number,api,strategy,reconciler,avg_latency_ms,min_latency_ms,max_latency_ms,p95_latency_ms,accuracy,throughput_pps,resilience_P,resilience_P2,vram_allocated_mb,compute_utilization_pct,drift_packets_pct
e0cdd4e4a3ca466fae74c512ad804fa2,1,finnhub,,regex,0.013678614294622093,0.00487698707729578,0.49341004341840744,0.013661436969414346,0.9712,73106.82050543392,0.99424,0.9928,15191.1875,100.0,5.1
e0cdd4e4a3ca466fae74c512ad804fa2,1,finnhub,,levenshtein,0.147872561449185,0.08937402162700891,0.8572649676352739,0.15192804858088493,0.9691,6762.579820081364,0.9938199999999999,0.992275,15191.1875,100.0,5.1
e0cdd4e4a3ca466fae74c512ad804fa2,1,finnhub,,bert,0.0522390192374587,0.0,431.179930921644,0.06498036673292513,0.9588,19142.77899158827,0.99176,0.9897,15191.1875,100.0,5.1
e0cdd4e4a3ca466fae74c512ad804fa2,1,finnhub,,gemma,5.80190147185931,0.0,5610.394155024551,0.0029539281968027353,0.9691,172.35728749449694,0.704145050623074,0.7439821862483491,15191.1875,100.0,5.1
7d4ebedc8db04165b20e6f9e5d48dfec,1,finnhub,,regex,0.012829886726103723,0.0044660409912467,2.8098649345338345,0.013320008292794228,0.9808,77943.010826853,0.9961599999999999,0.9952,15223.1875,100.0,5.2299999999999995
7d4ebedc8db04165b20e6f9e5d48dfec,1,finnhub,,levenshtein,0.14845315623097122,0.08995493408292532,3.3314269967377186,0.15127694350667298,0.9785,6736.131621507241,0.9957,0.994625,15223.1875,100.0,5.2299999999999995
7d4ebedc8db04165b20e6f9e5d48dfec,1,finnhub,,bert,0.007230822707060725,0.0,5.573719972744584,0.06521856994368135,0.9539,138296.8495443159,0.99078,0.988475,15223.1875,100.0,5.2299999999999995
7d4ebedc8db04165b20e6f9e5d48dfec,1,finnhub,,gemma,3.648357288702391,0.0,5166.08803498093,0.002905365545302623,0.9785,274.09596178987977,0.7416335866264578,0.776853788536964,15223.1875,100.0,5.2299999999999995
9bf4fbe2379545a5983bfaa0c3369504,1,finnhub,,regex,0.01577098751440644,0.004456960596144199,2.6788980467244983,0.01439108164049685,0.9721,63407.570330426206,0.9944200000000001,0.9930249999999999,29827.9521484375,100.0,4.9399999999999995
9bf4fbe2379545a5983bfaa0c3369504,1,finnhub,,levenshtein,0.15235095471143723,0.08871301542967558,5.051547079347074,0.1532809808850288,0.9673,6563.792146193413,0.99346,0.9918250000000001,29827.9521484375,100.0,4.9399999999999995
9bf4fbe2379545a5983bfaa0c3369504,1,finnhub,,bert,0.025499693816527724,0.0,9.61745495442301,0.0,0.9597,39216.15715055552,0.99194,0.989925,29827.9521484375,100.0,4.9399999999999995
9bf4fbe2379545a5983bfaa0c3369504,1,finnhub,,gemma,12.642724274296778,0.0,5321.100102970377,0.0,0.9684,79.0968764566862,0.6713639067598403,0.7158290629370059,29827.9521484375,100.0,4.9399999999999995
8b3b429125084463a139ccaf5bf909d5,1,openmeteo,,regex,0.013960220746230333,0.004906905815005302,1.210856018587947,0.013661547563970082,0.9755,71632.10512054611,0.9951000000000001,0.993875,29827.9521484375,100.0,4.65
8b3b429125084463a139ccaf5bf909d5,1,openmeteo,,levenshtein,0.1480283932061866,0.0894439872354269,0.7292639929801226,0.15188895049504936,0.9738,6755.460748716731,0.9947600000000001,0.99345,29827.9521484375,100.0,4.65
8b3b429125084463a139ccaf5bf909d5,1,openmeteo,,bert,0.009433985268697143,0.0,5.780900944955647,0.0,0.9616,105999.7415215492,0.9923200000000001,0.9904000000000001,29827.9521484375,100.0,4.65
8b3b429125084463a139ccaf5bf909d5,1,openmeteo,,gemma,6.139221394632477,0.0,5203.1058189459145,0.0,0.9738,162.8871050120949,0.7017704867542331,0.7423161315036285,29827.9521484375,100.0,4.65
ce2e00a2c9ee46228218845320334026,1,openmeteo,,regex,0.013056252081878484,0.004956964403390884,0.5279820179566741,0.013409997336566448,0.982,76591.65844292766,0.9964,0.9954999999999999,29827.9521484375,100.0,4.8500000000000005
ce2e00a2c9ee46228218845320334026,1,openmeteo,,levenshtein,0.147534652473405,0.08849299047142267,0.6898948922753334,0.15156858717091382,0.9802,6778.06863157293,0.99604,0.99505,29827.9521484375,100.0,4.8500000000000005
ce2e00a2c9ee46228218845320334026,1,openmeteo,,bert,0.007217713026329875,0.0,5.676964996382594,0.0,0.9572,138548.04095868696,0.9914400000000001,0.9893,29827.9521484375,100.0,4.8500000000000005
ce2e00a2c9ee46228218845320334026,1,openmeteo,,gemma,4.060943111346569,0.0,5209.050967008807,0.0,0.9802,246.24821687502285,0.732226875906258,0.7689244650625068,29827.9521484375,100.0,4.8500000000000005
f3015f13d46b44aa8a24368734d1c428,1,openmeteo,,regex,0.01483193781459704,0.005016918294131756,1.2635550228878856,0.014501094119623303,0.9741,67422.07340000018,0.99482,0.993525,29827.9521484375,100.0,4.9799999999999995
f3015f13d46b44aa8a24368734d1c428,1,openmeteo,,levenshtein,0.15225475042825565,0.08921395055949688,5.339840077795088,0.1523289829492569,0.9698,6567.939569617649,0.99396,0.9924499999999999,29827.9521484375,100.0,4.9799999999999995
f3015f13d46b44aa8a24368734d1c428,1,openmeteo,,bert,0.023412444663699718,0.0,5.056363996118307,0.0,0.9586,42712.32732694803,0.9917199999999999,0.98965,29827.9521484375,100.0,4.9799999999999995
f3015f13d46b44aa8a24368734d1c428,1,openmeteo,,gemma,12.551870132738259,0.0,5305.320024024695,0.0,0.9707,79.66940299929988,0.6720242910497549,0.71657582089979,29827.9521484375,100.0,4.9799999999999995
adc2195d9efd41d0afd084edec93a648,1,spacex,,regex,0.014701965637505055,0.006680027581751347,0.6054689874872565,0.014691968681290746,0.9726,68018.11571705602,0.9945200000000001,0.99315,29827.9521484375,100.0,4.99
adc2195d9efd41d0afd084edec93a648,1,spacex,,levenshtein,0.14843655820004642,0.08916400838643312,3.6424429854378104,0.15246953116729856,0.9704,6736.884849164384,0.9940800000000001,0.9926,29827.9521484375,100.0,4.99
adc2195d9efd41d0afd084edec93a648,1,spacex,,bert,0.009433150256518275,0.0,5.647390033118427,0.0,0.9596,106009.12450313228,0.9919199999999999,0.9899,29827.9521484375,100.0,4.99
adc2195d9efd41d0afd084edec93a648,1,spacex,,gemma,6.575848643004429,0.0,5219.615452922881,0.0,0.9704,152.07162668864464,0.6973050693410257,0.7382214880065934,29827.9521484375,100.0,4.99
baf7f7c525964352b89e7a36efabb733,1,spacex,,regex,0.01316634324612096,0.00658002682030201,0.5078420508652925,0.014161929721012712,0.9788,75951.2327232254,0.99576,0.9947,29827.9521484375,100.0,5.2299999999999995
baf7f7c525964352b89e7a36efabb733,1,spacex,,levenshtein,0.14638204607181252,0.08967507164925337,0.6931490497663617,0.15083595644682646,0.9762,6831.438874063949,0.9952399999999999,0.99405,29827.9521484375,100.0,5.2299999999999995
baf7f7c525964352b89e7a36efabb733,1,spacex,,bert,0.007326337904669344,0.0,5.547150038182735,0.0662515987642109,0.9559,136493.84085364986,0.99118,0.988975,29827.9521484375,100.0,5.2299999999999995
baf7f7c525964352b89e7a36efabb733,1,spacex,,gemma,4.056467550550588,0.0,5267.0550289331,0.0028945214580744423,0.9762,246.5199061839578,0.7315219671643853,0.7680059718551874,29827.9521484375,100.0,5.2299999999999995
73d015b3a1734170a7a35ad1f46652b9,1,spacex,,regex,0.015483306394889951,0.00667001586407423,1.3005809159949422,0.015343568520620458,0.9756,64585.688256484806,0.99512,0.9939,29827.9521484375,100.0,4.8
73d015b3a1734170a7a35ad1f46652b9,1,spacex,,levenshtein,0.1510223220451735,0.08912396151572466,5.230104085057974,0.1529690867755562,0.9715,6621.537706862182,0.9943,0.9928750000000001,29827.9521484375,100.0,4.8
73d015b3a1734170a7a35ad1f46652b9,1,spacex,,bert,0.02217347433324903,0.0,5.191005999222398,0.0,0.9604,45098.93149674358,0.9920800000000001,0.9901,29827.9521484375,100.0,4.8
73d015b3a1734170a7a35ad1f46652b9,1,spacex,,gemma,12.111782112903892,0.0,5367.005908978172,0.0,0.972,82.56423296573342,0.6732974815380067,0.71776926988972,29827.9521484375,100.0,4.8
2eb2a0856ed849f38ba22e8c3f2132ff,1,openf1,,regex,0.01322055929340422,0.0057390425354242325,0.5702649941667914,0.013179966481402516,0.9725,75639.7651420771,0.9944999999999999,0.993125,29827.9521484375,100.0,5.21
2eb2a0856ed849f38ba22e8c3f2132ff,1,openf1,,levenshtein,0.14829632408218457,0.08978508412837982,0.747270998544991,0.15258894418366253,0.9707,6743.255479790641,0.99414,0.992675,29827.9521484375,100.0,5.21
2eb2a0856ed849f38ba22e8c3f2132ff,1,openf1,,bert,0.009876600047573448,0.0,5.657845991663635,0.0670670415274798,0.9585,101249.417328151,0.9917,0.989625,29827.9521484375,100.0,5.21
2eb2a0856ed849f38ba22e8c3f2132ff,1,openf1,,gemma,6.167192152165808,0.0,5193.564707995392,0.00302405678667128,0.9707,162.14834487503649,0.7008919207062627,0.741319503462511,29827.9521484375,100.0,5.21
76d8c1d095ff4495b4765eb2590fc8ad,1,openf1,,regex,0.01216521201422438,0.00592903234064579,0.4595989594236016,0.013209995813667774,0.9736,82201.60888529793,0.99472,0.9934,29827.9521484375,100.0,5.12
76d8c1d095ff4495b4765eb2590fc8ad,1,openf1,,levenshtein,0.15149913978530094,0.09020499419420958,3.7598590133711696,0.1559144933708012,0.971,6600.697544667009,0.9942,0.99275,29827.9521484375,100.0,5.12
76d8c1d095ff4495b4765eb2590fc8ad,1,openf1,,bert,0.008095667872112244,0.0,5.685557960532606,0.06640552892349638,0.9565,123522.85392595899,0.9913000000000001,0.989125,29827.9521484375,100.0,5.12
76d8c1d095ff4495b4765eb2590fc8ad,1,openf1,,gemma,4.28696477500489,0.0,5429.575277958065,0.0029254937544465,0.971,233.2652709979077,0.7258428448492678,0.7627295812993723,29827.9521484375,100.0,5.12
f85a076d47da4d0893406a3193507433,1,openf1,,regex,0.014491351624019443,0.0057891011238098145,1.1956830276176333,0.014071504119783633,0.9745,69006.67556382374,0.9948999999999999,0.993625,29827.9521484375,100.0,4.9399999999999995
f85a076d47da4d0893406a3193507433,1,openf1,,levenshtein,0.15491094645112752,0.08962408173829317,7.893039030022919,0.15585604123771185,0.9701,6455.321737482816,0.9940199999999999,0.992525,29827.9521484375,100.0,4.9399999999999995
f85a076d47da4d0893406a3193507433,1,openf1,,bert,0.02510419881436974,0.0,6.211827043443918,0.0,0.9592,39833.97388597784,0.99184,0.9898,29827.9521484375,100.0,4.9399999999999995
f85a076d47da4d0893406a3193507433,1,openf1,,gemma,12.905590408830903,0.0,5409.175339969806,0.0,0.971,77.48580020916597,0.6713200300732081,0.7159957400627498,29827.9521484375,100.0,4.9399999999999995
841bdcfee3bf4da3bc2d57156774edd4,2,finnhub,,regex,0.013702277792617679,0.004847068339586258,2.828823053278029,0.013650092296302319,0.9721,72980.56681778602,0.9944200000000001,0.9930249999999999,29827.9521484375,100.0,5.1
841bdcfee3bf4da3bc2d57156774edd4,2,finnhub,,levenshtein,0.14874304216355086,0.08947402238845825,3.1290330225601792,0.15201002242974934,0.9706,6723.003546615962,0.9941199999999999,0.99265,29827.9521484375,100.0,5.1
841bdcfee3bf4da3bc2d57156774edd4,2,finnhub,,bert,0.009803250432014465,0.0,6.132748909294605,0.06633051671087742,0.9592,102006.98298334815,0.99184,0.9898,29827.9521484375,100.0,5.1
841bdcfee3bf4da3bc2d57156774edd4,2,finnhub,,gemma,5.7295414003310725,0.0,5199.320862069726,0.003096018917858586,0.9706,174.5340386129711,0.7052069135145398,0.7450102115838914,29827.9521484375,100.0,5.1
5f36fed8072f42d9bfd4ec8abc729232,2,finnhub,,regex,0.012800699402578174,0.004557077772915363,3.2846370013430715,0.013279961422085762,0.9838,78120.73141867475,0.9967600000000001,0.99595,29827.9521484375,100.0,4.8500000000000005
5f36fed8072f42d9bfd4ec8abc729232,2,finnhub,,levenshtein,0.14715270879678427,0.08934398647397757,3.0086919432505965,0.15160847106017172,0.982,6795.661515011493,0.9964,0.9954999999999999,29827.9521484375,100.0,4.8500000000000005
5f36fed8072f42d9bfd4ec8abc729232,2,finnhub,,bert,0.0072036840836517515,0.0,5.636012996546924,0.0,0.9564,138817.858804973,0.9912799999999999,0.9891,29827.9521484375,100.0,4.8500000000000005
5f36fed8072f42d9bfd4ec8abc729232,2,finnhub,,gemma,3.650796039926354,0.0,5178.287282935344,0.0,0.982,273.91286422568066,0.7422695024789883,0.7776738592677043,29827.9521484375,100.0,4.8500000000000005
bbea2ae23329499eb777f3d27cbf0d72,2,finnhub,,regex,0.015084641240537166,0.004846951924264431,1.2619530316442251,0.014421995729207993,0.9706,66292.5941727196,0.9941199999999999,0.99265,29827.9521484375,100.0,5.35
bbea2ae23329499eb777f3d27cbf0d72,2,finnhub,,levenshtein,0.15272011616034434,0.08915399666875601,5.087580997496843,0.15267002745531497,0.9673,6547.925873432922,0.99346,0.9918250000000001,29827.9521484375,100.0,5.35
bbea2ae23329499eb777f3d27cbf0d72,2,finnhub,,bert,0.02665742371464148,0.0,5.8606009697541595,0.06773156346753238,0.9547,37513.00240805919,0.9909399999999999,0.988675,29827.9521484375,100.0,5.35
bbea2ae23329499eb777f3d27cbf0d72,2,finnhub,,gemma,12.804267066752072,0.0,5347.583246068098,0.003294902853667736,0.9679,78.09896457069603,0.6709146375997437,0.7154046893712088,29827.9521484375,100.0,5.35
2ebdf2df01f846a9a1a9b93b250e10a3,2,openmeteo,,regex,0.013864667294546962,0.005156965926289558,0.6223130039870739,0.014071504119783633,0.9733,72125.78410686455,0.9946600000000001,0.993325,29827.9521484375,100.0,4.84
2ebdf2df01f846a9a1a9b93b250e10a3,2,openmeteo,,levenshtein,0.1508756409282796,0.08910393808037043,3.5199999110773206,0.15381145058199763,0.9713,6627.9751578676705,0.9942599999999999,0.992825,29827.9521484375,100.0,4.84
2ebdf2df01f846a9a1a9b93b250e10a3,2,openmeteo,,bert,0.00930131102213636,0.0,5.581581965088844,0.0,0.9611,107511.72577931022,0.9922199999999999,0.990275,29827.9521484375,100.0,4.84
2ebdf2df01f846a9a1a9b93b250e10a3,2,openmeteo,,gemma,6.12849285468692,0.0,5288.971742033027,0.0,0.9713,163.1722551875417,0.7013702893156397,0.7417766765562626,29827.9521484375,100.0,4.84
7a1ffba2da0040b7977ac57f6cfae0cd,2,openmeteo,,regex,0.01292936884565279,0.0048979418352246284,0.6124179344624281,0.013489974662661552,0.9792,77343.29586677602,0.9958400000000001,0.9948,29827.9521484375,100.0,5.4399999999999995
7a1ffba2da0040b7977ac57f6cfae0cd,2,openmeteo,,levenshtein,0.15010686649475247,0.08943397551774979,3.1539000337943435,0.1526289852336049,0.9776,6661.920426104949,0.99552,0.9944000000000001,29827.9521484375,100.0,5.4399999999999995
7a1ffba2da0040b7977ac57f6cfae0cd,2,openmeteo,,bert,0.007534246530849486,0.0,5.609974032267928,0.06654197350144384,0.9536,132727.27351108458,0.99072,0.9884000000000001,29827.9521484375,100.0,5.4399999999999995
7a1ffba2da0040b7977ac57f6cfae0cd,2,openmeteo,,gemma,4.130755654966924,0.0,5332.135585951619,0.0030044815503060744,0.9776,242.08645669892746,0.7302502598446245,0.7670259370096782,29827.9521484375,100.0,5.4399999999999995
6390ccf58e41408eb54b3ddbfbf11d8c,2,openmeteo,,regex,0.016671217023395003,0.005027977749705315,1.221281010657549,0.014803477097302668,0.9708,59983.62318699846,0.9941599999999999,0.9927,29827.9521484375,100.0,5.09
6390ccf58e41408eb54b3ddbfbf11d8c,2,openmeteo,,levenshtein,0.1562048641615547,0.08984399028122425,5.226649926044047,0.15219851629808545,0.967,6401.849298148302,0.9934000000000001,0.99175,29827.9521484375,100.0,5.09
6390ccf58e41408eb54b3ddbfbf11d8c,2,openmeteo,,bert,0.030108193575870246,0.0,5.165277980268002,0.06618646439164867,0.9595,33213.55024106909,0.9919,0.989875,29827.9521484375,100.0,5.09
6390ccf58e41408eb54b3ddbfbf11d8c,2,openmeteo,,gemma,16.060752580792176,0.0,5275.281949085183,0.003014493267983191,0.9683,62.26358291553211,0.6654522540204362,0.7107540748746597,29827.9521484375,100.0,5.09
d38693ee957d42118c90feefe62b0a70,2,spacex,,regex,0.01445893569616601,0.0068300869315862656,0.5237250588834286,0.014662044122815132,0.9738,69161.38372931308,0.9947600000000001,0.99345,29827.9521484375,100.0,5.050000000000001
d38693ee957d42118c90feefe62b0a70,2,spacex,,levenshtein,0.14761662231758238,0.08887401781976223,0.6984069477766752,0.15280907973647118,0.9717,6774.304846568025,0.99434,0.992925,29827.9521484375,100.0,5.050000000000001
d38693ee957d42118c90feefe62b0a70,2,spacex,,bert,0.009547782596200705,0.0,5.643935990519822,0.06615146994590743,0.9584,104736.36050300562,0.9916799999999999,0.9896,29827.9521484375,100.0,5.050000000000001
d38693ee957d42118c90feefe62b0a70,2,spacex,,gemma,6.565816895803437,0.0,5199.740311014466,0.0028639857191592446,0.9717,152.30397311858533,0.6976463905915049,0.7386161919355756,29827.9521484375,100.0,5.050000000000001
db21baa744794c4ca8fb3bec522612c6,2,spacex,,regex,0.013182287930976599,0.006710062734782696,0.5342920776456594,0.014171004295349121,0.9805,75859.36563031178,0.9961,0.995125,29827.9521484375,100.0,4.95
db21baa744794c4ca8fb3bec522612c6,2,spacex,,levenshtein,0.1472453521681018,0.08897297084331512,3.100329893641174,0.1506164378952235,0.9782,6791.3858418998225,0.9956400000000001,0.9945499999999999,29827.9521484375,100.0,4.95
db21baa744794c4ca8fb3bec522612c6,2,spacex,,bert,0.007084639847744256,0.0,5.701471935026348,0.0,0.9578,141150.43551838407,0.99156,0.98945,29827.9521484375,100.0,4.95
db21baa744794c4ca8fb3bec522612c6,2,spacex,,gemma,4.082126478222198,0.0,5292.001968016848,0.0,0.9782,244.97036173056273,0.7313796266056969,0.7680411085191688,29827.9521484375,100.0,4.95
c75767512bda4fe987146e714713894c,2,spacex,,regex,0.014885389362461865,0.006719958037137985,0.9846769971773028,0.015001982683315873,0.9757,67179.96927388482,0.9951399999999999,0.9939250000000001,29827.9521484375,100.0,4.72
c75767512bda4fe987146e714713894c,2,spacex,,levenshtein,0.1486369761871174,0.08910405449569225,4.749685060232878,0.15108694788068533,0.9722,6727.801019990553,0.99444,0.99305,29827.9521484375,100.0,4.72
c75767512bda4fe987146e714713894c,2,spacex,,bert,0.021519257000181823,0.0,5.775252939201891,0.0,0.962,46470.00591105681,0.9924,0.9905,29827.9521484375,100.0,4.72
c75767512bda4fe987146e714713894c,2,spacex,,gemma,10.634867201396265,0.0,5193.084437982179,0.0,0.9724,94.03032318717706,0.6773906131155121,0.7213090969561531,29827.9521484375,100.0,4.72
446b12f1308a4e03a396eacf4f34ac50,2,openf1,,regex,0.013182313309516757,0.005619018338620663,0.534391961991787,0.01313913962803781,0.9724,75859.2195861455,0.99448,0.9931,29827.9521484375,100.0,5.25
446b12f1308a4e03a396eacf4f34ac50,2,openf1,,levenshtein,0.14833756742300466,0.08975400123745203,0.9172960417345166,0.15268053975887594,0.9699,6741.3806048764745,0.9939800000000001,0.992475,29827.9521484375,100.0,5.25
446b12f1308a4e03a396eacf4f34ac50,2,openf1,,bert,0.009702081175055355,0.0,5.601893062703311,0.06748395971953865,0.9577,103070.66926744142,0.9915400000000001,0.989425,29827.9521484375,100.0,5.25
446b12f1308a4e03a396eacf4f34ac50,2,openf1,,gemma,6.182239341211971,0.0,5195.757327019237,0.003115535946562879,0.9699,161.7536858098993,0.7005937900334649,0.7410011057429698,29827.9521484375,100.0,5.25
2a38186fce2b4b798f61a3651e897b73,2,openf1,,regex,0.011782035953365267,0.006138929165899754,0.5477720405906439,0.012838980183005333,0.9769,84874.9744066409,0.9953799999999999,0.994225,29827.9521484375,100.0,4.84
2a38186fce2b4b798f61a3651e897b73,2,openf1,,levenshtein,0.14841872713295742,0.09003491140902042,0.6708259461447597,0.15267892740666866,0.9741,6737.694220380785,0.99482,0.993525,29827.9521484375,100.0,4.84
2a38186fce2b4b798f61a3651e897b73,2,openf1,,bert,0.007659759651869535,0.0,6.332679069600999,0.0,0.9573,130552.39921998436,0.99146,0.989325,29827.9521484375,100.0,4.84
2a38186fce2b4b798f61a3651e897b73,2,openf1,,gemma,4.176585721597076,0.0,5189.8383990628645,0.0,0.9741,239.43001931673803,0.7286205067608582,0.7653540057950213,29827.9521484375,100.0,4.84
7153d9fc4dcf4af494f902d43ed5b698,2,openf1,,regex,0.013939569005742669,0.0059889862313866615,1.149904914200306,0.013639923417940736,0.9715,71738.22946663781,0.9943,0.9928750000000001,29827.9521484375,100.0,5.25
7153d9fc4dcf4af494f902d43ed5b698,2,openf1,,levenshtein,0.15147658088244498,0.08968391921371222,4.972849041223526,0.15182849601842463,0.9672,6601.680564575594,0.9934399999999999,0.9918,29827.9521484375,100.0,5.25
7153d9fc4dcf4af494f902d43ed5b698,2,openf1,,bert,0.023475443292409182,0.0,5.184476962313056,0.06827260949648915,0.9567,42597.704654350506,0.9913399999999999,0.989175,29827.9521484375,100.0,5.25
7153d9fc4dcf4af494f902d43ed5b698,2,openf1,,gemma,11.16794267342193,0.0,5232.164756045677,0.003134954022243619,0.9679,89.54200690695286,0.6749197024174336,0.7188376020720858,29827.9521484375,100.0,5.25
bd69d556359c458d9821db496b76b38e,3,finnhub,,regex,0.013387490483000874,0.004597008228302002,0.5233450792729855,0.013680121628567576,0.9701,74696.59838561804,0.9940199999999999,0.992525,29827.9521484375,100.0,5.38
bd69d556359c458d9821db496b76b38e,3,finnhub,,levenshtein,0.14960304412525147,0.09008601773530245,3.5111471079289913,0.15216802712529898,0.9686,6684.3559624547115,0.9937199999999999,0.99215,29827.9521484375,100.0,5.38
bd69d556359c458d9821db496b76b38e,3,finnhub,,bert,0.009650891565252095,0.0,5.628371960483491,0.06717144860886036,0.9568,103617.3697775744,0.99136,0.9892,29827.9521484375,100.0,5.38
bd69d556359c458d9821db496b76b38e,3,finnhub,,gemma,5.822173071303405,0.0,5283.16478303168,0.003195513272657983,0.9686,171.7571751566174,0.7038350113048162,0.7436771525469852,29827.9521484375,100.0,5.38
14227d4b26c44485a24cb910d17c6a55,3,finnhub,,regex,0.012509922974277287,0.004576984792947769,0.4965139087289572,0.01325993798673153,0.9832,79936.5433389306,0.99664,0.9958,29827.9521484375,100.0,4.93
14227d4b26c44485a24cb910d17c6a55,3,finnhub,,levenshtein,0.14711330372374504,0.0899449223652482,0.6752030458301306,0.15111698303371668,0.9814,6797.481768731386,0.99628,0.9953500000000001,29827.9521484375,100.0,4.93
14227d4b26c44485a24cb910d17c6a55,3,finnhub,,bert,0.007178574311546981,0.0,5.601561977528036,0.0,0.9561,139303.42664161962,0.99122,0.9890249999999999,29827.9521484375,100.0,4.93
14227d4b26c44485a24cb910d17c6a55,3,finnhub,,gemma,3.678100176062435,0.0,5238.8238839339465,0.0,0.9814,271.87948999000434,0.7414378214965016,0.7769138469970013,29827.9521484375,100.0,4.93
47dde4119b5641a8b2588fdd38215dd2,3,finnhub,,regex,0.01538255560444668,0.004607019945979118,1.4143310254439712,0.014833506429567926,0.9726,65008.70373651873,0.9945200000000001,0.99315,29827.9521484375,100.0,4.97
47dde4119b5641a8b2588fdd38215dd2,3,finnhub,,levenshtein,0.15261140832444653,0.08915306534618139,5.312548018991947,0.1514199830126017,0.969,6552.590078154805,0.9938,0.99225,29827.9521484375,100.0,4.97
47dde4119b5641a8b2588fdd38215dd2,3,finnhub,,bert,0.024781314341817053,0.0,5.361992050893605,0.0,0.9585,40352.98476128674,0.9917,0.989625,29827.9521484375,100.0,4.97
47dde4119b5641a8b2588fdd38215dd2,3,finnhub,,gemma,11.527050146274268,0.0,5313.761405064724,0.0,0.9694,86.75246375354898,0.6742433623137423,0.7183757391260647,29827.9521484375,100.0,4.97
ebe9fd26b7514149b435eae0880bd929,3,openmeteo,,regex,0.013772525393869728,0.004888046532869339,0.5327700637280941,0.01375097781419754,0.9717,72608.32500952286,0.99434,0.992925,29827.9521484375,100.0,4.89
ebe9fd26b7514149b435eae0880bd929,3,openmeteo,,levenshtein,0.14776455000974237,0.08998496923595667,3.0496050603687763,0.15144702047109604,0.9695,6767.523062426463,0.9939,0.992375,29827.9521484375,100.0,4.89
ebe9fd26b7514149b435eae0880bd929,3,openmeteo,,bert,0.009398667607456446,0.0,5.719889886677265,0.0,0.961,106398.05999806277,0.9922,0.99025,29827.9521484375,100.0,4.89
ebe9fd26b7514149b435eae0880bd929,3,openmeteo,,gemma,6.146322598308325,0.0,5244.494749931619,0.0,0.9695,162.6989120739015,0.7008446192258655,0.7411846736221704,29827.9521484375,100.0,4.89
5645782bcb5b42db8f803a9712ae4f6d,3,openmeteo,,regex,0.013168287731241434,0.0049979425966739655,0.6277209613472223,0.013579963706433773,0.9808,75940.01744262657,0.9961599999999999,0.9952,29827.9521484375,100.0,5.19
5645782bcb5b42db8f803a9712ae4f6d,3,openmeteo,,levenshtein,0.14743823796743527,0.08939392864704132,2.986058942042291,0.15122699551284313,0.9789,6782.501024061819,0.9957799999999999,0.994725,29827.9521484375,100.0,5.19
5645782bcb5b42db8f803a9712ae4f6d,3,openmeteo,,bert,0.007291920646093786,0.0,5.530916037969291,0.06553903222084045,0.9542,137138.08042270603,0.9908399999999999,0.98855,29827.9521484375,100.0,5.19
5645782bcb5b42db8f803a9712ae4f6d,3,openmeteo,,gemma,4.0731132259475995,0.0,5279.613926075399,0.0029139919206500053,0.9789,245.51244822499442,0.731709356878748,0.7683787344674983,29827.9521484375,100.0,5.19
d320b500364042c88aef484efcad4a19,3,openmeteo,,regex,0.017479460209142417,0.005007954314351082,1.4930390752851963,0.016565085388720036,0.9714,57210.00465889457,0.99428,0.99285,29827.9521484375,100.0,5.2
d320b500364042c88aef484efcad4a19,3,openmeteo,,levenshtein,0.15152935963124037,0.08844304829835892,5.222483072429895,0.15236848266795278,0.968,6599.381152494707,0.9936,0.992,29827.9521484375,100.0,5.2
d320b500364042c88aef484efcad4a19,3,openmeteo,,bert,0.026972360000945626,0.0,5.184525973163545,0.06734702037647358,0.957,37074.990841177445,0.9914000000000001,0.98925,29827.9521484375,100.0,5.2
d320b500364042c88aef484efcad4a19,3,openmeteo,,gemma,12.085831431474071,0.0,5342.4603620078415,0.0031350646167993394,0.9684,82.74151477868438,0.6726395301725396,0.7169224544336054,29827.9521484375,100.0,5.2
2905921e44dd4c6d88451bcef7a50f17,3,spacex,,regex,0.014962128491606563,0.006780028343200684,3.305307007394731,0.014591967919841409,0.9747,66835.4105207009,0.9949399999999999,0.993675,29827.9521484375,100.0,4.79
2905921e44dd4c6d88451bcef7a50f17,3,spacex,,levenshtein,0.14924014274729416,0.08908403106033802,4.1594390058889985,0.1518098637461662,0.9725,6700.610047614892,0.9944999999999999,0.993125,29827.9521484375,100.0,4.79
2905921e44dd4c6d88451bcef7a50f17,3,spacex,,bert,0.009833127877209335,0.0,7.31033505871892,0.0,0.9613,101697.04009623866,0.9922599999999999,0.990325,29827.9521484375,100.0,4.79
2905921e44dd4c6d88451bcef7a50f17,3,spacex,,gemma,6.585245722148102,0.0,5207.018097979017,0.0,0.9725,151.8546220130721,0.6976491177045752,0.7386813866039217,29827.9521484375,100.0,4.79
c8a708883266420fb582bcf14b23a0f8,3,spacex,,regex,0.013299598032608629,0.006619957275688648,0.4955329932272434,0.014471058966591954,0.9802,75190.24240793964,0.99604,0.99505,29827.9521484375,100.0,5.16
c8a708883266420fb582bcf14b23a0f8,3,spacex,,levenshtein,0.14660857850685716,0.08916296064853668,3.665478085167706,0.15036555123515427,0.9784,6820.883267436006,0.9956799999999999,0.9946,29827.9521484375,100.0,5.16
c8a708883266420fb582bcf14b23a0f8,3,spacex,,bert,0.007388459634967148,0.0,6.175954011268914,0.06594053120352325,0.9535,135346.20873711337,0.9906999999999999,0.988375,29827.9521484375,100.0,5.16
c8a708883266420fb582bcf14b23a0f8,3,spacex,,gemma,4.068870164011605,0.0,5217.471246956848,0.0028440263122320175,0.9784,245.76847126871064,0.7316989649440486,0.7683305413806132,29827.9521484375,100.0,5.16
dedac4954ac848a9a5e7c01ec3f037e9,3,spacex,,regex,0.016455917013809086,0.006579910404980183,3.7750420160591602,0.015322939725592732,0.9748,60768.41534633674,0.9949600000000001,0.9937,29827.9521484375,100.0,5.0200000000000005
dedac4954ac848a9a5e7c01ec3f037e9,3,spacex,,levenshtein,0.15326585058355705,0.08986506145447493,5.589033011347055,0.15249138814397153,0.9718,6524.610643483316,0.9943599999999999,0.99295,29827.9521484375,100.0,5.0200000000000005
dedac4954ac848a9a5e7c01ec3f037e9,3,spacex,,bert,0.02594369654543698,0.0,5.369244026951492,0.06557054584845867,0.958,38545.0083510124,0.9916,0.9894999999999999,29827.9521484375,100.0,5.0200000000000005
dedac4954ac848a9a5e7c01ec3f037e9,3,spacex,,gemma,13.344823680783156,0.0,5273.306895978749,0.0028565817046910308,0.972,74.93542244698386,0.6706273978564443,0.7154806267340952,29827.9521484375,100.0,5.0200000000000005
fc3c7a8ab5fd442c8fc02935134427bf,3,openf1,,regex,0.01272386177442968,0.005409005098044872,0.6059389561414719,0.013120006769895554,0.9738,78592.49162936014,0.9947600000000001,0.99345,29827.9521484375,100.0,4.97
fc3c7a8ab5fd442c8fc02935134427bf,3,openf1,,levenshtein,0.14898123928578572,0.08974492084234953,3.03712603636086,0.1519484561868012,0.9717,6712.25454153817,0.99434,0.992925,29827.9521484375,100.0,4.97
fc3c7a8ab5fd442c8fc02935134427bf,3,openf1,,bert,0.009755443769972772,0.0,6.057637045159936,0.0,0.9602,102506.86935206343,0.99204,0.99005,29827.9521484375,100.0,4.97
fc3c7a8ab5fd442c8fc02935134427bf,3,openf1,,gemma,6.173139269009698,0.0,5183.12782398425,0.0,0.9717,161.9921334061237,0.7010372466921433,0.7415226400218371,29827.9521484375,100.0,4.97
e60d1b1d3c4b4049bb800fb01d692552,3,openf1,,regex,0.011671597510576249,0.0056390417739748955,0.538396998308599,0.012880522990599268,0.9766,85678.07441045216,0.99532,0.99415,29827.9521484375,100.0,4.75
e60d1b1d3c4b4049bb800fb01d692552,3,openf1,,levenshtein,0.14722483605146408,0.08991500362753868,0.6978759774938226,0.15157844172790647,0.975,6792.3322370040805,0.9949999999999999,0.99375,29827.9521484375,100.0,4.75
e60d1b1d3c4b4049bb800fb01d692552,3,openf1,,bert,0.0071608541067689655,0.0,5.64269395545125,0.0,0.9592,139648.1460297769,0.99184,0.9898,29827.9521484375,100.0,4.75
e60d1b1d3c4b4049bb800fb01d692552,3,openf1,,gemma,4.188917368988041,0.0,5268.855940084904,0.0,0.975,238.7251673674289,0.7285538085786001,0.7653675502102287,29827.9521484375,100.0,4.75
ec3539801cc942b793401ed39840d7d1,3,openf1,,regex,0.014563827798701823,0.005637994036078453,1.3460289919748902,0.013669952750205994,0.9741,68663.26722766779,0.99482,0.993525,29827.9521484375,100.0,4.8
ec3539801cc942b793401ed39840d7d1,3,openf1,,levenshtein,0.15282957775052636,0.08850300218909979,4.9431739607825875,0.15141798066906628,0.9702,6543.236032702812,0.99404,0.9925499999999999,29827.9521484375,100.0,4.8
ec3539801cc942b793401ed39840d7d1,3,openf1,,bert,0.02652427846333012,0.0,6.670364993624389,0.0,0.9604,37701.30830825436,0.9920800000000001,0.9901,29827.9521484375,100.0,4.8
ec3539801cc942b793401ed39840d7d1,3,openf1,,gemma,14.315090118453373,0.0,5240.9479399211705,0.0,0.971,69.85635380044968,0.6686497238301574,0.7137069061401349,29827.9521484375,100.0,4.8
